timestamp,x,y,z
1489816843.57,-7.31,0.01,6.52
1489816843.57,-7.12,0.04,6.45
1489816843.57,-7.11,0.02,6.38
1489816843.57,-7.26,-0.0,6.4
1489816843.57,-7.36,0.0,6.38
1489816843.57,-7.33,-0.05,6.55
1489816843.57,-7.25,-0.03,6.58
1489816843.57,-7.21,-0.0,6.55
1489816843.57,-7.1,-0.01,6.34
1489816843.57,-7.1,-0.04,6.25
1489816843.57,-7.19,-0.08,6.32
1489816843.57,-7.29,-0.07,6.43
1489816843.57,-7.33,-0.04,6.6
1489816843.57,-7.31,0.03,6.56
1489816843.57,-7.31,0.01,6.53
1489816843.57,-7.26,-0.04,6.42
1489816843.57,-7.24,-0.02,6.41
1489816843.57,-7.24,-0.01,6.47
1489816843.57,-7.19,-0.04,6.44
1489816843.57,-7.25,-0.05,6.54
1489816843.57,-7.28,-0.03,6.51
1489816843.57,-7.31,-0.03,6.5
1489816843.57,-7.26,-0.02,6.53
1489816843.57,-7.23,0.02,6.52
1489816843.57,-7.12,0.05,6.43
1489816843.57,-7.12,0.04,6.41
1489816843.57,-7.19,-0.04,6.4
1489816843.57,-7.26,-0.02,6.61
1489816843.57,-7.22,-0.04,6.65
1489816843.58,-7.23,0.0,6.6
1489816843.58,-7.16,-0.05,6.45
1489816843.58,-7.3,-0.04,6.59
1489816843.58,-7.31,-0.04,6.59
1489816843.58,-7.39,0.04,6.61
1489816843.58,-7.33,-0.02,6.56
1489816843.58,-7.11,0.07,6.32
1489816843.58,-7.13,-0.02,6.07
1489816843.58,-7.11,-0.09,6.16
1489816843.58,-7.09,0.02,6.36
1489816843.58,-7.18,-0.0,6.41
1489816843.58,-7.27,0.0,6.46
1489816843.58,-7.33,0.01,6.48
1489816843.58,-7.3,-0.04,6.45
1489816843.58,-7.24,-0.06,6.48
1489816843.58,-7.24,-0.05,6.49
1489816843.58,-7.22,-0.06,6.54
1489816843.58,-7.16,-0.05,6.59
1489816843.58,-7.15,-0.02,6.55
1489816843.58,-7.11,-0.09,6.52
1489816843.58,-7.11,-0.02,6.46
1489816843.58,-7.21,-0.03,6.36
1489816843.58,-7.24,-0.05,6.34
1489816843.58,-7.28,-0.09,6.44
1489816843.58,-7.32,-0.07,6.49
1489816843.58,-7.28,-0.09,6.5
1489816843.58,-7.23,0.07,6.48
1489816843.58,-7.21,0.07,6.37
1489816843.58,-7.3,-0.04,6.35
1489816843.58,-7.4,0.01,6.52
1489816843.58,-7.38,0.02,6.58
1489816843.58,-7.43,-0.08,6.52
1489816843.58,-7.54,-0.05,6.46
1489816843.58,-7.41,-0.02,6.54
1489816843.58,-7.25,-0.03,6.45
1489816843.58,-7.14,-0.14,6.23
1489816843.58,-7.26,-0.16,6.25
1489816843.58,-7.25,-0.13,6.43
1489816843.58,-7.31,-0.17,6.44
1489816843.58,-7.3,-0.14,6.48
1489816843.58,-7.28,-0.11,6.49
1489816843.58,-7.36,-0.13,6.52
1489816843.58,-7.36,-0.05,6.54
1489816843.58,-7.28,-0.06,6.52
1489816843.58,-7.24,-0.01,6.41
1489816843.58,-7.33,-0.04,6.35
1489816843.58,-7.29,-0.12,6.37
1489816843.58,-7.26,-0.02,6.42
1489816843.58,-7.22,-0.03,6.4
1489816843.58,-7.26,-0.11,6.26
1489816843.58,-7.28,-0.02,6.41
1489816843.58,-7.35,0.0,6.36
1489816843.58,-7.44,-0.07,6.44
1489816843.59,-7.32,0.07,6.51
1489816843.59,-7.28,0.03,6.39
1489816843.59,-7.25,-0.16,6.33
1489816843.59,-7.26,-0.11,6.33
1489816843.59,-7.25,-0.11,6.33
1489816843.59,-7.35,-0.11,6.34
1489816843.59,-7.42,-0.03,6.47
1489816843.59,-7.5,-0.08,6.62
1489816843.59,-7.38,-0.02,6.62
1489816843.59,-7.32,-0.01,6.45
1489816843.59,-7.24,-0.04,6.34
1489816843.59,-7.32,-0.15,6.38
1489816843.59,-7.37,-0.18,6.46
1489816843.59,-7.35,-0.13,6.44
1489816843.59,-7.29,-0.04,6.39
1489816843.59,-7.35,-0.06,6.35
1489816843.59,-7.36,-0.02,6.39
1489816843.59,-7.29,-0.06,6.45
1489816843.59,-7.35,-0.04,6.51
1489816843.59,-7.35,0.02,6.52
1489816843.61,-7.28,-0.04,6.6
1489816843.62,-7.27,-0.04,6.5
1489816843.64,-7.27,-0.07,6.37
1489816843.65,-7.31,-0.04,6.39
1489816843.67,-7.32,-0.06,6.38
1489816843.68,-7.3,-0.08,6.48
1489816843.69,-7.32,-0.09,6.49
1489816843.71,-7.31,-0.09,6.4
1489816843.72,-7.27,-0.1,6.32
1489816843.74,-7.23,-0.07,6.37
1489816843.75,-7.25,-0.03,6.4
1489816843.77,-7.24,-0.02,6.44
1489816843.78,-7.28,0.0,6.43
1489816843.8,-7.27,-0.01,6.37
1489816843.81,-7.27,-0.01,6.31
1489816843.83,-7.24,-0.02,6.34
1489816843.84,-7.24,0.0,6.32
1489816843.85,-7.25,-0.01,6.43
1489816843.87,-7.2,-0.01,6.4
1489816843.88,-7.25,-0.04,6.35
1489816843.9,-7.24,-0.07,6.45
1489816843.91,-7.21,-0.07,6.48
1489816843.93,-7.22,-0.07,6.52
1489816843.94,-7.16,-0.07,6.34
1489816843.96,-7.32,-0.1,6.49
1489816843.97,-7.32,-0.01,6.57
1489816843.99,-7.35,0.05,6.58
1489816844.0,-7.34,-0.01,6.61
1489816844.01,-7.24,0.05,6.37
1489816844.03,-7.25,-0.04,6.19
1489816844.04,-7.31,-0.22,6.4
1489816844.06,-7.26,-0.02,6.48
1489816844.07,-7.26,-0.05,6.48
1489816844.09,-7.26,0.0,6.51
1489816844.1,-7.35,-0.02,6.52
1489816844.12,-7.35,-0.05,6.49
1489816844.13,-7.32,-0.03,6.51
1489816844.14,-7.22,-0.01,6.41
1489816844.16,-7.17,-0.03,6.34
1489816844.17,-7.15,-0.12,6.37
1489816844.19,-7.14,-0.16,6.35
1489816844.2,-7.15,-0.16,6.42
1489816844.22,-7.23,-0.14,6.38
1489816844.23,-7.36,-0.08,6.37
1489816844.25,-7.36,-0.1,6.44
1489816844.26,-7.3,-0.05,6.6
1489816844.28,-7.28,-0.0,6.56
1489816844.29,-7.23,-0.05,6.41
1489816844.3,-7.21,-0.05,6.35
1489816844.32,-7.25,-0.04,6.25
1489816844.33,-7.28,-0.02,6.29
1489816844.35,-7.34,0.02,6.38
1489816844.37,-7.44,0.0,6.42
1489816844.38,-7.47,-0.0,6.51
1489816844.39,-7.48,-0.03,6.57
1489816844.41,-7.38,-0.04,6.49
1489816844.42,-7.33,-0.09,6.43
1489816844.44,-7.27,-0.07,6.43
1489816844.45,-7.28,-0.11,6.36
1489816844.46,-7.3,-0.13,6.48
1489816844.48,-7.27,-0.08,6.39
1489816844.49,-7.29,-0.05,6.37
1489816844.51,-7.34,-0.1,6.43
1489816844.53,-7.34,-0.11,6.4
1489816844.54,-7.36,-0.09,6.45
1489816844.55,-7.36,-0.1,6.51
1489816844.57,-7.33,-0.09,6.47
1489816844.58,-7.32,-0.06,6.4
1489816844.6,-7.34,-0.11,6.3
1489816844.61,-7.31,-0.16,6.36
1489816844.62,-7.26,-0.13,6.5
1489816844.64,-7.28,-0.12,6.48
1489816844.66,-7.25,-0.1,6.38
1489816844.67,-7.39,-0.09,6.43
1489816844.68,-7.37,-0.06,6.37
1489816844.7,-7.51,-0.05,6.4
1489816844.71,-7.35,0.0,6.45
1489816844.73,-7.24,0.09,6.31
1489816844.74,-7.29,-0.11,6.2
1489816844.76,-7.27,-0.18,6.33
1489816844.77,-7.24,-0.01,6.37
1489816844.78,-7.27,-0.1,6.31
1489816844.8,-7.34,-0.07,6.34
1489816844.82,-7.36,-0.05,6.41
1489816844.83,-7.4,-0.05,6.47
1489816844.85,-7.4,-0.07,6.51
1489816844.86,-7.39,-0.07,6.45
1489816844.87,-7.35,-0.08,6.47
1489816844.89,-7.28,-0.09,6.4
1489816844.9,-7.34,-0.19,6.34
1489816844.91,-7.27,-0.09,6.34
1489816844.93,-7.3,-0.16,6.33
1489816844.94,-7.31,-0.11,6.32
1489816844.96,-7.32,-0.18,6.34
1489816844.98,-7.33,-0.11,6.41
1489816844.99,-7.32,-0.05,6.43
1489816845.0,-7.31,-0.08,6.41
1489816845.02,-7.33,-0.11,6.36
1489816845.03,-7.32,-0.11,6.35
1489816845.05,-7.35,-0.04,6.35
1489816845.06,-7.41,-0.04,6.36
1489816845.07,-7.42,-0.14,6.45
1489816845.09,-7.39,-0.09,6.35
1489816845.11,-7.33,-0.13,6.34
1489816845.12,-7.88,-0.06,6.69
1489816845.14,-9.09,-0.2,7.58
1489816845.15,-9.72,0.07,8.19
1489816845.16,-8.82,0.83,8.32
1489816845.18,-7.46,1.76,8.39
1489816845.19,-6.02,2.8,7.89
1489816845.21,-5.48,2.01,6.67
1489816845.22,-6.68,-1.0,4.44
1489816845.24,-7.84,-2.22,3.6
1489816845.25,-7.36,-1.87,4.6
1489816845.27,-6.21,-0.36,5.7
1489816845.28,-5.59,0.58,6.45
1489816845.3,-5.66,0.91,7.09
1489816845.31,-6.18,0.96,7.99
1489816845.32,-6.58,0.35,7.98
1489816845.34,-6.74,-0.22,6.83
1489816845.35,-6.88,-0.32,6.04
1489816845.37,-6.59,-0.25,6.06
1489816845.38,-6.2,-0.22,6.01
1489816845.4,-6.18,-0.23,6.27
1489816845.41,-6.1,-0.24,6.57
1489816845.43,-5.83,-0.05,6.27
1489816845.44,-5.81,-0.03,5.65
1489816845.46,-6.3,-0.34,5.56
1489816845.47,-6.79,-0.36,5.83
1489816845.48,-7.52,-0.17,6.61
1489816845.5,-8.43,-0.1,7.52
1489816845.51,-8.76,0.39,8.19
1489816845.52,-8.84,0.72,8.52
1489816845.54,-8.55,0.97,8.33
1489816845.56,-8.04,0.69,7.78
1489816845.57,-7.35,0.41,6.88
1489816845.59,-6.72,0.31,5.91
1489816845.6,-6.57,-0.11,5.33
1489816845.61,-6.46,-0.16,5.11
1489816845.63,-6.63,-0.16,5.57
1489816845.64,-6.83,0.07,5.78
1489816845.66,-7.03,-0.08,6.24
1489816845.67,-7.34,-0.2,6.68
1489816845.69,-7.52,-0.25,6.97
1489816845.7,-7.82,-0.31,7.16
1489816845.72,-7.85,-0.23,7.25
1489816845.73,-7.7,-0.02,7.11
1489816845.75,-7.59,-0.06,6.75
1489816845.76,-7.44,-0.09,6.51
1489816845.77,-7.24,-0.12,6.2
1489816845.79,-7.13,-0.35,5.98
1489816845.8,-7.1,-0.44,5.88
1489816845.82,-7.06,-0.34,6.15
1489816845.83,-7.07,-0.29,6.36
1489816845.85,-7.15,-0.23,6.45
1489816845.86,-7.28,-0.21,6.55
1489816845.88,-7.4,-0.2,6.68
1489816845.89,-7.45,-0.16,6.74
1489816845.91,-7.47,-0.16,6.65
1489816845.92,-7.4,-0.11,6.59
1489816845.93,-7.26,-0.11,6.53
1489816845.95,-7.16,-0.05,6.35
1489816845.96,-7.12,-0.02,6.25
1489816845.98,-7.13,-0.11,6.22
1489816845.99,-7.17,-0.07,6.34
1489816846.01,-7.16,-0.1,6.38
1489816846.02,-7.16,-0.15,6.44
1489816846.04,-7.32,-0.07,6.45
1489816846.05,-7.41,-0.11,6.33
1489816846.07,-7.46,-0.14,6.52
1489816846.08,-7.39,-0.07,6.54
1489816846.09,-7.26,-0.12,6.46
1489816846.11,-7.3,-0.3,6.29
1489816846.12,-7.31,-0.29,6.34
1489816846.14,-7.22,-0.2,6.29
1489816846.15,-7.28,-0.2,6.3
1489816846.17,-7.39,-0.24,6.36
1489816846.18,-7.45,-0.2,6.46
1489816846.2,-7.41,-0.17,6.55
1489816846.21,-7.4,-0.12,6.48
1489816846.23,-7.35,-0.16,6.49
1489816846.24,-7.27,-0.21,6.43
1489816846.25,-7.25,-0.21,6.42
1489816846.27,-7.13,-0.24,6.42
1489816846.28,-7.19,-0.2,6.41
1489816846.3,-7.32,-0.2,6.37
1489816846.31,-7.28,-0.13,6.39
1489816846.33,-7.31,-0.22,6.43
1489816846.34,-7.27,-0.09,6.45
1489816846.36,-7.27,-0.04,6.46
1489816846.37,-7.32,-0.14,6.5
1489816846.39,-7.29,-0.15,6.34
1489816846.4,-7.33,-0.19,6.34
1489816846.41,-7.33,-0.13,6.31
1489816846.43,-7.36,-0.1,6.4
1489816846.44,-7.4,-0.16,6.44
1489816846.46,-7.4,-0.21,6.45
1489816846.47,-7.36,-0.17,6.34
1489816846.49,-7.32,-0.2,6.37
1489816846.5,-7.29,-0.21,6.35
1489816846.52,-7.28,-0.2,6.38
1489816846.53,-7.41,-0.25,6.37
1489816846.54,-7.33,-0.22,6.38
1489816846.56,-7.3,-0.2,6.41
1489816846.57,-7.31,-0.18,6.32
1489816846.59,-7.32,-0.2,6.36
1489816846.6,-7.35,-0.2,6.42
1489816846.62,-7.32,-0.2,6.43
1489816846.63,-7.27,-0.13,6.46
1489816846.65,-7.22,-0.19,6.42
1489816846.66,-7.33,-0.2,6.43
1489816846.68,-7.27,-0.18,6.37
1489816846.69,-7.4,-0.16,6.45
1489816846.7,-7.31,-0.15,6.49
1489816846.72,-7.25,-0.03,6.45
1489816846.73,-7.32,-0.25,6.3
1489816846.75,-7.31,-0.31,6.32
1489816846.76,-7.29,-0.12,6.34
1489816846.78,-7.28,-0.16,6.33
1489816846.79,-7.4,-0.23,6.33
1489816846.81,-7.43,-0.21,6.41
1489816846.82,-7.47,-0.18,6.42
1489816846.84,-7.47,-0.15,6.46
1489816846.85,-7.46,-0.18,6.43
1489816846.86,-7.42,-0.15,6.4
1489816846.88,-7.3,-0.21,6.31
1489816846.89,-7.25,-0.24,6.26
1489816846.91,-7.29,-0.23,6.34
1489816846.92,-7.37,-0.21,6.38
1489816846.94,-7.33,-0.2,6.35
1489816846.95,-7.26,-0.19,6.41
1489816846.97,-7.35,-0.22,6.43
1489816846.98,-7.28,-0.15,6.44
1489816847.0,-7.28,-0.2,6.42
1489816847.01,-7.29,-0.19,6.34
1489816847.02,-7.31,-0.16,6.33
1489816847.04,-7.35,-0.11,6.35
1489816847.05,-7.39,-0.14,6.38
1489816847.07,-7.36,-0.14,6.38
1489816847.08,-7.36,-0.14,6.39
1489816847.1,-7.35,-0.16,6.34
1489816847.11,-7.34,-0.2,6.35
1489816847.13,-7.38,-0.25,6.35
1489816847.14,-7.38,-0.25,6.33
1489816847.16,-7.37,-0.23,6.39
1489816847.17,-7.35,-0.2,6.39
1489816847.18,-7.35,-0.15,6.39
1489816847.2,-7.38,-0.17,6.34
1489816847.21,-7.35,-0.22,6.26
1489816847.23,-7.34,-0.2,6.37
1489816847.25,-7.35,-0.19,6.43
1489816847.26,-7.3,-0.15,6.38
1489816847.27,-7.24,-0.19,6.34
1489816847.29,-7.31,-0.23,6.34
1489816847.3,-7.3,-0.2,6.33
1489816847.31,-7.39,-0.14,6.43
1489816847.33,-7.28,-0.14,6.52
1489816847.34,-7.26,-0.09,6.36
1489816847.36,-7.32,-0.28,6.32
1489816847.38,-7.34,-0.32,6.38
1489816847.39,-7.64,-0.11,6.69
1489816847.4,-8.69,-0.23,7.37
1489816847.42,-9.35,-0.04,8.03
1489816847.43,-8.76,0.58,7.79
1489816847.45,-7.85,1.44,7.61
1489816847.46,-6.68,2.16,7.81
1489816847.47,-5.81,2.01,7.47
1489816847.49,-6.18,0.13,5.94
1489816847.5,-7.31,-2.09,4.25
1489816847.52,-7.85,-2.32,4.23
1489816847.54,-6.9,-1.09,5.3
1489816847.55,-6.04,-0.02,5.98
1489816847.56,-5.79,0.37,6.58
1489816847.58,-6.05,0.75,7.34
1489816847.59,-6.46,0.69,8.02
1489816847.61,-6.85,0.44,7.8
1489816847.62,-7.09,0.03,6.72
1489816847.63,-7.25,-0.14,6.03
1489816847.65,-7.06,-0.26,6.22
1489816847.67,-6.62,-0.08,6.43
1489816847.68,-6.18,-0.08,6.32
1489816847.7,-5.7,-0.23,6.23
1489816847.71,-5.49,-0.18,6.33
1489816847.72,-5.56,-0.09,6.03
1489816847.74,-5.68,-0.2,5.77
1489816847.75,-6.16,-0.35,5.64
1489816847.77,-6.9,-0.26,5.89
1489816847.78,-7.81,-0.12,6.59
1489816847.79,-8.37,0.06,7.53
1489816847.81,-8.99,0.46,8.12
1489816847.83,-8.65,0.72,8.34
1489816847.84,-8.53,0.69,8.36
1489816847.86,-7.99,0.72,7.87
1489816847.87,-7.23,0.22,7.07
1489816847.89,-6.76,0.13,6.04
1489816847.9,-6.43,-0.18,5.3
1489816847.91,-6.57,-0.22,4.96
1489816847.93,-6.72,-0.14,5.37
1489816847.94,-6.93,-0.08,5.92
1489816847.96,-7.17,-0.17,6.18
1489816847.97,-7.32,-0.26,6.6
1489816847.99,-7.51,-0.25,6.82
1489816848.0,-7.65,-0.23,7.0
1489816848.02,-7.63,-0.09,7.22
1489816848.03,-7.58,-0.11,7.15
1489816848.04,-7.64,-0.11,6.93
1489816848.06,-7.47,-0.17,6.63
1489816848.07,-7.28,-0.24,6.27
1489816848.08,-7.08,-0.34,6.04
1489816848.1,-7.02,-0.4,5.95
1489816848.12,-6.89,-0.38,6.09
1489816848.13,-6.91,-0.27,6.37
1489816848.15,-7.03,-0.24,6.4
1489816848.16,-7.32,-0.23,6.46
1489816848.17,-7.44,-0.14,6.76
1489816848.19,-7.45,-0.06,6.78
1489816848.2,-7.41,-0.05,6.72
1489816848.22,-7.42,-0.13,6.61
1489816848.23,-7.3,-0.16,6.44
1489816848.25,-7.24,-0.2,6.29
1489816848.26,-7.14,-0.11,6.28
1489816848.28,-7.16,-0.07,6.31
1489816848.29,-7.23,-0.13,6.31
1489816848.31,-7.3,-0.14,6.34
1489816848.32,-7.35,-0.19,6.47
1489816848.33,-7.34,-0.1,6.45
1489816848.35,-7.34,-0.12,6.46
1489816848.36,-7.32,-0.18,6.43
1489816848.38,-7.32,-0.18,6.42
1489816848.39,-7.35,-0.23,6.39
1489816848.41,-7.35,-0.19,6.38
1489816848.42,-7.32,-0.19,6.45
1489816848.44,-7.28,-0.16,6.47
1489816848.45,-7.22,-0.18,6.41
1489816848.47,-7.15,-0.25,6.31
1489816848.48,-7.32,-0.25,6.41
1489816848.49,-7.33,-0.2,6.45
1489816848.51,-7.35,-0.15,6.56
1489816848.52,-7.33,-0.15,6.53
1489816848.54,-7.22,-0.07,6.36
1489816848.55,-7.27,-0.26,6.3
1489816848.57,-7.25,-0.24,6.45
1489816848.58,-7.22,-0.14,6.55
1489816848.6,-7.24,-0.2,6.43
1489816848.61,-7.31,-0.22,6.39
1489816848.63,-7.37,-0.16,6.47
1489816848.64,-7.41,-0.16,6.49
1489816848.65,-7.35,-0.07,6.49
1489816848.67,-7.32,-0.15,6.37
1489816848.68,-7.28,-0.19,6.41
1489816848.7,-7.24,-0.19,6.35
1489816848.71,-7.24,-0.21,6.38
1489816848.73,-7.28,-0.18,6.34
1489816848.74,-7.35,-0.18,6.34
1489816848.76,-7.35,-0.16,6.36
1489816848.77,-7.33,-0.19,6.44
1489816848.79,-7.34,-0.15,6.45
1489816848.8,-7.28,-0.18,6.44
1489816848.81,-7.32,-0.15,6.44
1489816848.83,-7.35,-0.21,6.37
1489816848.84,-7.35,-0.17,6.34
1489816848.86,-7.35,-0.2,6.45
1489816848.87,-7.33,-0.16,6.44
1489816848.89,-7.3,-0.18,6.48
1489816848.9,-7.3,-0.23,6.42
1489816848.92,-7.23,-0.21,6.42
1489816848.93,-7.26,-0.19,6.33
1489816848.95,-7.24,-0.19,6.42
1489816848.96,-7.27,-0.19,6.45
1489816848.97,-7.32,-0.2,6.42
1489816848.99,-7.35,-0.22,6.39
1489816849.0,-7.35,-0.18,6.35
1489816849.02,-7.36,-0.2,6.37
1489816849.03,-7.31,-0.18,6.44
1489816849.05,-7.31,-0.11,6.39
1489816849.06,-7.27,-0.19,6.36
1489816849.08,-7.35,-0.19,6.39
1489816849.09,-7.34,-0.2,6.35
1489816849.1,-7.45,-0.17,6.43
1489816849.12,-7.32,-0.12,6.42
1489816849.13,-7.28,-0.09,6.31
1489816849.15,-7.29,-0.3,6.27
1489816849.16,-7.27,-0.3,6.36
1489816849.18,-7.27,-0.18,6.47
1489816849.19,-7.29,-0.19,6.36
1489816849.21,-7.35,-0.21,6.42
1489816849.22,-7.39,-0.13,6.5
1489816849.24,-7.4,-0.14,6.44
1489816849.25,-7.37,-0.1,6.43
1489816849.26,-7.33,-0.16,6.43
1489816849.28,-7.26,-0.18,6.38
1489816849.29,-7.23,-0.2,6.38
1489816849.31,-7.24,-0.2,6.35
1489816849.32,-7.33,-0.24,6.34
1489816849.34,-7.34,-0.2,6.4
1489816849.35,-7.35,-0.2,6.38
1489816849.37,-7.34,-0.19,6.44
1489816849.38,-7.31,-0.14,6.42
1489816849.4,-7.29,-0.19,6.47
1489816849.41,-7.33,-0.21,6.39
1489816849.42,-7.33,-0.17,6.34
1489816849.44,-7.35,-0.18,6.4
1489816849.45,-7.39,-0.15,6.39
1489816849.47,-7.38,-0.16,6.43
1489816849.48,-7.39,-0.2,6.4
1489816849.5,-7.36,-0.22,6.38
1489816849.51,-7.31,-0.16,6.36
1489816849.53,-7.31,-0.22,6.33
1489816849.54,-7.31,-0.2,6.34
1489816849.56,-7.29,-0.21,6.45
1489816849.57,-7.31,-0.2,6.46
1489816849.58,-7.31,-0.18,6.39
1489816849.6,-7.34,-0.18,6.38
1489816849.61,-7.34,-0.2,6.33
1489816849.63,-7.47,-0.2,6.45
1489816849.65,-8.21,-0.13,7.03
1489816849.66,-9.28,-0.12,7.76
1489816849.67,-9.28,0.29,8.03
1489816849.69,-8.38,1.24,8.24
1489816849.7,-7.02,2.05,8.33
1489816849.72,-5.82,2.33,7.83
1489816849.73,-5.71,0.26,6.1
1489816849.74,-6.94,-1.91,3.55
1489816849.76,-7.53,-2.54,3.22
1489816849.77,-6.56,-1.59,4.46
1489816849.79,-5.48,-0.41,5.52
1489816849.8,-5.28,0.38,6.34
1489816849.82,-5.7,0.56,7.49
1489816849.83,-6.13,0.55,8.03
1489816849.85,-6.39,-0.14,7.56
1489816849.86,-6.64,-0.59,6.33
1489816849.87,-6.78,-0.6,5.34
1489816849.89,-6.98,-0.58,5.27
1489816849.9,-7.04,-0.42,5.7
1489816849.92,-7.2,-0.21,6.19
1489816849.94,-7.58,-0.03,6.59
1489816849.95,-8.03,0.25,7.08
1489816849.96,-8.15,0.27,7.5
1489816849.98,-7.93,0.22,7.97
1489816849.99,-7.84,0.03,7.88
1489816850.01,-7.45,0.15,7.46
1489816850.02,-7.87,0.42,7.16
1489816850.03,-7.94,0.48,7.38
1489816850.05,-8.5,0.51,7.34
1489816850.06,-8.58,0.96,7.12
1489816850.08,-8.25,1.34,7.21
1489816850.1,-7.27,2.0,7.9
1489816850.11,-6.26,1.88,8.05
1489816850.12,-6.33,-0.31,6.56
1489816850.14,-7.21,-1.8,4.32
1489816850.15,-6.96,-1.8,4.37
1489816850.17,-5.71,-0.87,5.12
1489816850.18,-5.19,0.0,6.18
1489816850.19,-5.4,0.59,6.85
1489816850.21,-5.79,0.75,7.18
1489816850.23,-6.46,0.1,7.0
1489816850.24,-6.68,-0.21,6.5
1489816850.26,-6.58,-0.57,5.9
1489816850.27,-6.35,-0.45,5.85
1489816850.28,-6.33,-0.26,5.9
1489816850.3,-6.6,-0.23,6.15
1489816850.31,-6.82,-0.23,6.42
1489816850.33,-6.94,-0.14,6.46
1489816850.34,-7.25,-0.03,6.31
1489816850.35,-7.73,-0.16,6.68
1489816850.37,-8.23,-0.3,7.42
1489816850.39,-8.56,-0.28,8.05
1489816850.4,-8.47,0.2,8.55
1489816850.42,-8.13,0.55,8.43
1489816850.43,-7.56,0.49,7.69
1489816850.44,-7.02,0.37,6.64
1489816850.46,-6.59,0.26,5.62
1489816850.47,-6.31,0.17,5.02
1489816850.49,-6.33,0.04,5.11
1489816850.5,-6.61,-0.01,5.63
1489816850.52,-6.94,0.01,6.12
1489816850.53,-7.17,-0.14,6.53
1489816850.55,-7.29,-0.2,6.84
1489816850.56,-7.43,-0.14,7.21
1489816850.58,-7.58,-0.08,7.3
1489816850.59,-7.6,-0.2,7.02
1489816850.6,-7.78,-0.18,6.81
1489816850.62,-7.65,-0.1,6.53
1489816850.63,-7.45,-0.14,6.33
1489816850.65,-7.35,-0.27,6.03
1489816850.66,-7.29,-0.31,5.89
1489816850.68,-7.11,-0.24,6.11
1489816850.69,-7.12,-0.33,6.26
1489816850.71,-7.24,-0.31,6.43
1489816850.72,-7.39,-0.25,6.64
1489816850.73,-7.38,-0.23,6.79
1489816850.75,-7.33,-0.24,6.79
1489816850.76,-7.28,-0.29,6.69
1489816850.78,-7.18,-0.3,6.5
1489816850.79,-7.12,-0.25,6.48
1489816850.81,-7.12,-0.27,6.34
1489816850.82,-7.13,-0.23,6.42
1489816850.84,-7.2,-0.13,6.56
1489816850.85,-7.09,-0.01,6.64
1489816850.87,-6.94,0.02,6.62
1489816850.88,-6.97,-0.0,6.54
1489816850.89,-7.2,-0.04,6.45
1489816850.91,-7.3,-0.05,6.49
1489816850.92,-7.24,-0.06,6.47
1489816850.94,-7.12,-0.03,6.28
1489816850.95,-7.24,-0.27,6.16
1489816850.97,-7.27,-0.29,6.16
1489816850.98,-7.3,-0.23,6.22
1489816851.0,-7.42,-0.3,6.24
1489816851.01,-7.47,-0.23,6.52
1489816851.03,-7.43,-0.11,6.6
1489816851.04,-7.44,-0.21,6.5
1489816851.05,-7.52,-0.18,6.56
1489816851.07,-7.49,-0.23,6.56
1489816851.08,-7.39,-0.2,6.52
1489816851.1,-7.27,-0.19,6.53
1489816851.11,-7.21,-0.27,6.45
1489816851.13,-7.28,-0.25,6.4
1489816851.14,-7.24,-0.25,6.47
1489816851.16,-7.24,-0.23,6.52
1489816851.17,-7.17,-0.2,6.6
1489816851.19,-7.1,-0.11,6.58
1489816851.2,-7.11,-0.11,6.53
1489816851.21,-7.08,-0.15,6.49
1489816851.23,-7.12,-0.18,6.44
1489816851.24,-7.13,-0.11,6.45
1489816851.26,-7.26,-0.07,6.51
1489816851.27,-7.34,-0.13,6.55
1489816851.29,-7.32,-0.18,6.47
1489816851.3,-7.34,-0.18,6.41
1489816851.32,-7.32,-0.19,6.31
1489816851.33,-7.35,-0.2,6.33
1489816851.35,-7.37,-0.22,6.39
1489816851.36,-7.34,-0.23,6.37
1489816851.37,-7.35,-0.21,6.36
1489816851.39,-7.38,-0.26,6.29
1489816851.4,-7.38,-0.21,6.43
1489816851.42,-7.33,-0.2,6.48
1489816851.43,-7.29,-0.23,6.44
1489816851.45,-7.22,-0.23,6.4
1489816851.46,-7.27,-0.22,6.5
1489816851.48,-7.21,-0.22,6.49
1489816851.49,-7.32,-0.17,6.55
1489816851.5,-7.24,-0.1,6.56
1489816851.52,-7.07,-0.08,6.45
1489816851.53,-7.17,-0.23,6.4
1489816851.55,-7.11,-0.22,6.48
1489816851.56,-7.02,-0.11,6.44
1489816851.58,-6.99,-0.17,6.33
1489816851.59,-7.06,-0.2,6.31
1489816851.61,-7.22,-0.19,6.34
1489816851.62,-7.37,-0.26,6.36
1489816851.64,-7.44,-0.15,6.48
1489816851.65,-7.46,-0.17,6.57
1489816851.66,-7.46,-0.2,6.54
1489816851.68,-7.46,-0.21,6.51
1489816851.69,-7.35,-0.25,6.43
1489816851.71,-7.38,-0.29,6.43
1489816851.72,-7.4,-0.24,6.36
1489816851.74,-7.3,-0.2,6.33
1489816851.75,-7.32,-0.22,6.39
1489816851.77,-7.34,-0.24,6.38
1489816851.78,-7.28,-0.22,6.4
1489816851.8,-7.32,-0.23,6.41
1489816851.81,-7.31,-0.2,6.44
1489816851.82,-7.3,-0.2,6.42
1489816851.84,-7.33,-0.12,6.45
1489816851.85,-7.32,-0.16,6.52
1489816851.87,-7.27,-0.13,6.53
1489816851.88,-7.24,-0.19,6.43
1489816851.9,-7.27,-0.13,6.37
1489816851.91,-7.25,-0.18,6.43
1489816851.93,-7.26,-0.18,6.39
1489816851.94,-7.25,-0.21,6.43
1489816851.96,-7.29,-0.21,6.41
1489816851.97,-7.3,-0.21,6.34
1489816851.98,-7.41,-0.2,6.36
1489816852.0,-7.41,-0.23,6.46
1489816852.01,-8.06,-0.17,6.86
1489816852.03,-8.98,-0.16,7.47
1489816852.04,-9.31,0.28,7.86
1489816852.06,-8.4,1.26,8.05
1489816852.07,-7.18,1.95,7.96
1489816852.09,-6.0,2.37,7.52
1489816852.1,-5.53,0.68,6.23
1489816852.12,-6.6,-1.5,3.85
1489816852.13,-7.52,-2.86,3.17
1489816852.14,-6.86,-2.04,4.18
1489816852.16,-5.68,-0.4,5.66
1489816852.17,-5.32,0.41,6.56
1489816852.19,-5.7,0.43,7.37
1489816852.2,-5.96,0.07,7.67
1489816852.22,-6.0,-0.18,7.12
1489816852.23,-6.21,-0.59,6.31
1489816852.25,-6.68,-0.71,5.62
1489816852.26,-7.4,-0.79,5.59
1489816852.27,-7.86,-0.57,6.03
1489816852.29,-8.21,-0.29,6.4
1489816852.3,-8.66,-0.06,6.68
1489816852.32,-8.7,0.36,7.28
1489816852.33,-8.41,0.64,7.99
1489816852.35,-8.01,0.58,8.17
1489816852.36,-7.93,0.33,7.83
1489816852.38,-8.34,0.33,7.66
1489816852.39,-8.88,0.17,7.65
1489816852.41,-8.37,0.93,7.53
1489816852.42,-7.42,1.76,7.63
1489816852.43,-6.24,2.31,6.74
1489816852.45,-5.66,2.11,6.09
1489816852.46,-6.3,-0.13,5.12
1489816852.48,-7.59,-2.07,4.24
1489816852.49,-7.71,-2.3,4.57
1489816852.51,-6.48,-1.14,5.63
1489816852.52,-5.54,0.11,6.89
1489816852.54,-5.41,0.79,7.47
1489816852.55,-5.88,0.76,7.48
1489816852.57,-6.38,0.18,7.37
1489816852.58,-6.67,-0.13,6.68
1489816852.59,-6.48,-0.48,5.78
1489816852.61,-6.11,-0.43,5.14
1489816852.62,-5.96,-0.49,5.26
1489816852.64,-6.36,-0.62,5.71
1489816852.66,-6.95,-0.55,6.36
1489816852.67,-7.36,-0.3,6.57
1489816852.68,-7.69,-0.32,6.57
1489816852.7,-8.23,-0.3,6.38
1489816852.71,-8.57,-0.23,6.89
1489816852.73,-8.88,0.09,7.82
1489816852.74,-8.74,0.26,8.5
1489816852.75,-8.38,0.37,8.64
1489816852.77,-7.85,0.68,8.2
1489816852.78,-7.31,0.45,7.5
1489816852.8,-6.9,0.17,6.32
1489816852.82,-6.63,-0.07,5.29
1489816852.83,-6.42,-0.18,4.63
1489816852.84,-6.48,-0.15,4.65
1489816852.86,-6.66,0.04,5.26
1489816852.87,-6.98,0.06,6.05
1489816852.89,-7.21,-0.1,6.56
1489816852.9,-7.44,-0.21,6.9
1489816852.91,-7.59,-0.2,7.14
1489816852.93,-7.7,-0.14,7.16
1489816852.95,-7.66,-0.01,7.02
1489816852.96,-7.66,-0.05,6.74
1489816852.98,-7.71,-0.19,6.31
1489816852.99,-7.68,-0.39,5.98
1489816853.0,-7.51,-0.41,5.9
1489816853.02,-7.28,-0.43,5.84
1489816853.03,-7.17,-0.34,5.94
1489816853.05,-7.2,-0.34,6.09
1489816853.06,-7.24,-0.32,6.31
1489816853.07,-7.34,-0.33,6.47
1489816853.09,-7.43,-0.33,6.57
1489816853.11,-7.49,-0.37,6.63
1489816853.12,-7.47,-0.37,6.64
1489816853.13,-7.39,-0.36,6.66
1489816853.15,-7.26,-0.31,6.6
1489816853.17,-7.11,-0.27,6.38
1489816853.18,-7.01,-0.26,6.3
1489816853.19,-7.04,-0.24,6.36
1489816853.2,-7.13,-0.13,6.35
1489816853.22,-7.25,-0.11,6.48
1489816853.24,-7.2,-0.03,6.49
1489816853.25,-7.19,-0.06,6.4
1489816853.27,-7.28,-0.23,6.33
1489816853.28,-7.29,-0.15,6.34
1489816853.29,-7.35,-0.18,6.34
1489816853.31,-7.47,-0.23,6.3
1489816853.32,-7.58,-0.24,6.32
1489816853.34,-7.6,-0.28,6.36
1489816853.35,-7.59,-0.23,6.36
1489816853.37,-7.5,-0.26,6.41
1489816853.38,-7.48,-0.29,6.32
1489816853.4,-7.39,-0.34,6.28
1489816853.41,-7.35,-0.34,6.17
1489816853.43,-7.29,-0.3,6.32
1489816853.44,-7.36,-0.33,6.36
1489816853.45,-7.42,-0.31,6.3
1489816853.47,-7.4,-0.24,6.35
1489816853.48,-7.31,-0.3,6.48
1489816853.5,-7.29,-0.25,6.42
1489816853.51,-7.19,-0.26,6.48
1489816853.53,-7.22,-0.28,6.39
1489816853.54,-7.22,-0.21,6.38
1489816853.56,-7.26,-0.19,6.33
1489816853.57,-7.3,-0.18,6.42
1489816853.59,-7.31,-0.18,6.5
1489816853.6,-7.34,-0.22,6.56
1489816853.61,-7.34,-0.24,6.47
1489816853.63,-7.32,-0.25,6.34
1489816853.64,-7.32,-0.26,6.27
1489816853.66,-7.36,-0.26,6.29
1489816853.67,-7.43,-0.34,6.3
1489816853.69,-7.48,-0.3,6.25
1489816853.7,-7.48,-0.33,6.3
1489816853.72,-7.46,-0.3,6.36
1489816853.73,-7.46,-0.28,6.41
1489816853.75,-7.34,-0.29,6.32
1489816853.76,-7.37,-0.26,6.27
1489816853.77,-7.42,-0.33,6.33
1489816853.79,-7.44,-0.25,6.36
1489816853.8,-7.42,-0.31,6.48
1489816853.82,-7.31,-0.23,6.35
1489816853.83,-7.27,-0.27,6.21
1489816853.85,-7.29,-0.37,6.26
1489816853.86,-7.23,-0.26,6.42
1489816853.88,-7.24,-0.23,6.42
1489816853.89,-7.26,-0.27,6.33
1489816853.91,-7.34,-0.2,6.44
1489816853.92,-7.38,-0.2,6.44
1489816853.93,-7.37,-0.22,6.46
1489816853.95,-7.32,-0.21,6.45
1489816853.96,-7.3,-0.24,6.34
1489816853.98,-7.27,-0.29,6.29
1489816853.99,-7.57,-0.29,6.49
1489816854.01,-8.6,-0.31,7.01
1489816854.02,-9.41,-0.1,7.79
1489816854.04,-8.77,0.77,7.94
1489816854.05,-7.86,1.44,8.08
1489816854.06,-6.45,2.0,7.62
1489816854.08,-5.69,1.58,6.72
1489816854.09,-6.08,-0.64,4.97
1489816854.11,-7.21,-2.46,3.67
1489816854.12,-7.47,-2.56,3.97
1489816854.14,-6.28,-1.02,5.22
1489816854.15,-5.6,0.04,6.12
1489816854.17,-5.54,0.36,6.59
1489816854.18,-5.93,0.17,7.24
1489816854.2,-6.07,-0.26,7.13
1489816854.21,-6.11,-0.53,6.5
1489816854.22,-6.42,-0.64,5.94
1489816854.24,-7.05,-0.75,5.68
1489816854.25,-7.6,-0.62,5.72
1489816854.27,-8.15,-0.57,5.93
1489816854.28,-8.48,-0.18,6.58
1489816854.3,-8.74,0.17,7.08
1489816854.31,-9.39,0.55,8.33
1489816854.33,-10.33,0.82,9.55
1489816854.34,-9.75,0.89,10.16
1489816854.36,-8.27,1.17,9.42
1489816854.37,-6.81,2.12,8.23
1489816854.38,-5.38,2.46,6.73
1489816854.4,-5.24,0.9,4.63
1489816854.41,-6.56,-1.32,3.21
1489816854.43,-7.43,-2.14,2.98
1489816854.44,-6.83,-1.69,4.13
1489816854.46,-5.78,-0.51,5.89
1489816854.47,-5.32,-0.11,6.61
1489816854.49,-5.52,0.4,7.4
1489816854.5,-5.81,0.32,8.01
1489816854.52,-5.89,-0.09,7.83
1489816854.53,-5.8,-0.41,6.76
1489816854.54,-6.03,-0.91,5.49
1489816854.56,-6.76,-0.96,4.66
1489816854.57,-7.58,-1.12,4.73
1489816854.59,-8.31,-0.77,5.37
1489816854.6,-9.05,-0.44,6.31
1489816854.62,-9.23,0.55,7.36
1489816854.63,-9.52,0.83,8.6
1489816854.65,-10.34,0.79,9.79
1489816854.66,-10.37,0.44,10.62
1489816854.67,-9.0,0.56,9.73
1489816854.69,-7.48,1.88,8.37
1489816854.7,-5.89,2.35,6.85
1489816854.72,-4.89,1.79,5.41
1489816854.73,-5.75,-0.15,3.58
1489816854.75,-7.38,-2.37,2.91
1489816854.76,-7.88,-2.44,3.64
1489816854.78,-6.64,-1.07,5.41
1489816854.79,-5.45,-0.16,6.6
1489816854.81,-4.92,0.63,7.13
1489816854.82,-5.27,0.81,8.15
1489816854.83,-5.8,0.39,8.46
1489816854.85,-6.19,-0.17,7.42
1489816854.86,-6.07,-0.39,5.87
1489816854.88,-5.93,-0.81,4.82
1489816854.89,-6.27,-1.08,4.64
1489816854.91,-6.92,-1.26,5.11
1489816854.92,-7.62,-0.78,5.79
1489816854.94,-8.15,-0.51,6.13
1489816854.95,-8.72,0.23,6.53
1489816854.97,-9.09,0.46,7.04
1489816854.98,-9.5,0.61,8.22
1489816854.99,-8.83,0.45,8.66
1489816855.01,-8.31,0.28,8.62
1489816855.02,-7.78,0.2,8.08
1489816855.04,-7.37,-0.02,7.37
1489816855.06,-7.1,-0.31,6.64
1489816855.07,-6.85,-0.38,5.55
1489816855.08,-6.69,-0.69,4.78
1489816855.1,-6.64,-0.57,4.44
1489816855.11,-6.66,-0.43,5.12
1489816855.13,-6.77,-0.21,5.97
1489816855.14,-6.96,-0.16,6.67
1489816855.15,-7.16,-0.08,7.12
1489816855.17,-7.32,-0.05,7.35
1489816855.19,-7.54,-0.03,7.24
1489816855.2,-7.6,-0.06,7.03
1489816855.22,-7.67,-0.04,6.8
1489816855.23,-7.65,-0.12,6.52
1489816855.24,-7.54,-0.31,6.03
1489816855.26,-7.42,-0.36,5.74
1489816855.27,-7.34,-0.47,5.66
1489816855.29,-7.24,-0.57,5.68
1489816855.3,-7.23,-0.54,5.83
1489816855.31,-7.41,-0.45,6.19
1489816855.33,-7.55,-0.39,6.49
1489816855.35,-7.71,-0.36,6.68
1489816855.36,-7.75,-0.42,6.68
1489816855.38,-7.69,-0.47,6.63
1489816855.39,-7.51,-0.39,6.46
1489816855.4,-7.32,-0.42,6.37
1489816855.42,-7.19,-0.43,6.35
1489816855.43,-6.97,-0.44,6.14
1489816855.45,-6.96,-0.39,6.11
1489816855.46,-7.02,-0.39,6.27
1489816855.48,-7.09,-0.37,6.37
1489816855.49,-7.2,-0.27,6.59
1489816855.51,-7.29,-0.26,6.69
1489816855.52,-7.27,-0.2,6.52
1489816855.54,-7.4,-0.11,6.44
1489816855.55,-7.37,-0.11,6.45
1489816855.56,-7.38,-0.18,6.41
1489816855.58,-7.25,-0.21,6.38
1489816855.59,-7.12,-0.24,6.26
1489816855.61,-7.16,-0.46,6.05
1489816855.62,-7.26,-0.53,6.0
1489816855.64,-7.41,-0.44,6.13
1489816855.65,-7.54,-0.48,6.2
1489816855.67,-7.74,-0.45,6.35
1489816855.68,-7.81,-0.35,6.41
1489816855.69,-7.78,-0.33,6.49
1489816855.71,-7.56,-0.32,6.47
1489816855.72,-7.44,-0.35,6.41
1489816855.74,-7.25,-0.36,6.28
1489816855.75,-7.16,-0.39,6.15
1489816855.77,-7.12,-0.38,6.21
1489816855.78,-7.2,-0.43,6.26
1489816855.8,-7.28,-0.41,6.33
1489816855.81,-7.33,-0.42,6.35
1489816855.83,-7.31,-0.39,6.44
1489816855.84,-7.32,-0.35,6.51
1489816855.85,-7.28,-0.25,6.54
1489816855.87,-7.28,-0.28,6.57
1489816855.88,-7.25,-0.33,6.43
1489816855.9,-7.2,-0.24,6.33
1489816855.91,-7.15,-0.31,6.25
1489816855.93,-7.25,-0.32,6.3
1489816855.94,-7.34,-0.35,6.34
1489816855.96,-7.44,-0.35,6.38
1489816855.97,-7.54,-0.34,6.27
1489816855.99,-7.52,-0.39,6.21
1489816856.0,-7.52,-0.42,6.3
1489816856.01,-7.5,-0.39,6.28
1489816856.03,-7.47,-0.4,6.34
1489816856.04,-7.46,-0.43,6.32
1489816856.06,-7.44,-0.38,6.22
1489816856.07,-7.32,-0.38,6.34
1489816856.09,-7.31,-0.38,6.3
1489816856.1,-7.29,-0.44,6.3
1489816856.12,-7.4,-0.37,6.33
1489816856.13,-7.37,-0.39,6.41
1489816856.15,-7.47,-0.3,6.38
1489816856.16,-7.36,-0.34,6.48
1489816856.17,-7.29,-0.27,6.37
1489816856.19,-7.23,-0.35,6.32
1489816856.2,-7.26,-0.45,6.24
1489816856.22,-7.25,-0.31,6.44
1489816856.23,-7.85,-0.37,6.76
1489816856.25,-8.91,-0.52,7.32
1489816856.26,-9.22,-0.12,7.88
1489816856.28,-8.52,0.64,8.15
1489816856.29,-7.53,1.54,8.16
1489816856.31,-6.44,1.96,7.69
1489816856.32,-5.69,1.44,6.87
1489816856.33,-6.45,-0.87,4.82
1489816856.35,-7.34,-3.0,3.28
1489816856.36,-7.1,-2.43,3.87
1489816856.38,-6.27,-0.97,5.16
1489816856.39,-5.56,-0.2,6.02
1489816856.41,-5.67,0.23,6.9
1489816856.42,-5.97,0.19,7.56
1489816856.44,-6.32,-0.22,7.43
1489816856.45,-6.67,-0.68,6.75
1489816856.47,-7.11,-0.84,5.81
1489816856.48,-7.31,-0.59,5.55
1489816856.49,-7.47,-0.35,5.66
1489816856.51,-7.53,-0.19,5.98
1489816856.52,-8.11,-0.12,6.49
1489816856.54,-9.5,0.2,7.67
1489816856.55,-9.93,0.38,9.46
1489816856.57,-9.18,0.69,10.14
1489816856.58,-8.25,1.4,9.71
1489816856.6,-6.98,2.09,8.56
1489816856.61,-6.07,1.66,6.92
1489816856.62,-6.48,-0.6,4.61
1489816856.64,-7.08,-1.64,3.74
1489816856.65,-6.58,-1.36,3.57
1489816856.67,-5.66,-0.8,4.4
1489816856.68,-5.09,-0.24,5.79
1489816856.7,-4.98,0.24,6.68
1489816856.71,-5.19,0.34,7.61
1489816856.73,-5.58,-0.02,7.83
1489816856.74,-6.11,-0.63,6.79
1489816856.76,-6.72,-0.88,5.47
1489816856.77,-6.93,-0.9,5.04
1489816856.78,-7.14,-0.66,5.23
1489816856.8,-7.8,-0.49,6.09
1489816856.81,-8.32,-0.08,6.63
1489816856.83,-8.8,0.12,7.38
1489816856.84,-8.96,0.19,8.12
1489816856.86,-8.85,0.08,8.39
1489816856.87,-8.69,0.23,8.47
1489816856.89,-8.63,0.06,8.07
1489816856.9,-8.68,0.18,7.58
1489816856.92,-8.37,0.94,7.45
1489816856.93,-7.45,1.51,7.79
1489816856.94,-6.5,1.51,7.78
1489816856.96,-6.27,0.52,6.38
1489816856.97,-6.96,-1.35,4.34
1489816856.99,-7.27,-2.04,3.7
1489816857.0,-6.31,-1.67,4.59
1489816857.02,-5.22,-0.51,5.95
1489816857.03,-4.77,0.54,6.94
1489816857.05,-4.97,1.27,7.89
1489816857.06,-5.63,0.66,7.98
1489816857.08,-6.5,-0.3,6.8
1489816857.09,-6.85,-0.91,5.64
1489816857.1,-6.58,-0.91,5.19
1489816857.12,-6.41,-0.52,5.58
1489816857.13,-6.56,-0.46,5.95
1489816857.15,-6.83,-0.34,6.37
1489816857.16,-7.11,-0.23,6.6
1489816857.18,-7.46,0.28,6.49
1489816857.19,-7.9,0.37,6.63
1489816857.21,-8.58,-0.23,6.86
1489816857.22,-8.94,-0.36,7.37
1489816857.24,-8.88,-0.25,8.04
1489816857.25,-8.47,-0.16,8.26
1489816857.26,-7.78,0.2,7.96
1489816857.28,-7.09,0.03,7.01
1489816857.29,-6.6,-0.28,6.01
1489816857.31,-6.38,-0.5,5.09
1489816857.32,-6.28,-0.44,4.88
1489816857.34,-6.44,-0.26,5.43
1489816857.35,-6.63,-0.11,6.05
1489816857.37,-6.91,-0.19,6.46
1489816857.38,-7.16,-0.26,6.82
1489816857.39,-7.47,-0.29,7.02
1489816857.41,-7.61,-0.22,7.12
1489816857.42,-7.58,-0.07,7.11
1489816857.44,-7.53,0.06,7.05
1489816857.45,-7.56,-0.0,6.75
1489816857.47,-7.49,-0.21,6.43
1489816857.48,-7.41,-0.37,6.06
1489816857.5,-7.32,-0.46,5.88
1489816857.51,-7.27,-0.57,5.91
1489816857.53,-7.3,-0.61,5.95
1489816857.54,-7.33,-0.56,6.25
1489816857.55,-7.42,-0.45,6.48
1489816857.57,-7.54,-0.35,6.6
1489816857.58,-7.64,-0.43,6.59
1489816857.6,-7.56,-0.44,6.66
1489816857.62,-7.43,-0.37,6.58
1489816857.63,-7.25,-0.38,6.5
1489816857.64,-7.18,-0.38,6.36
1489816857.66,-7.02,-0.39,6.33
1489816857.67,-7.02,-0.37,6.23
1489816857.69,-7.03,-0.35,6.4
1489816857.7,-7.21,-0.3,6.51
1489816857.71,-7.25,-0.23,6.58
1489816857.73,-7.26,-0.23,6.56
1489816857.75,-7.29,-0.19,6.56
1489816857.76,-7.26,-0.21,6.57
1489816857.78,-7.24,-0.18,6.52
1489816857.79,-7.21,-0.24,6.45
1489816857.8,-7.18,-0.34,6.36
1489816857.82,-7.26,-0.34,6.27
1489816857.83,-7.3,-0.39,6.29
1489816857.85,-7.39,-0.34,6.37
1489816857.86,-7.42,-0.39,6.4
1489816857.87,-7.47,-0.43,6.29
1489816857.89,-7.58,-0.39,6.34
1489816857.91,-7.44,-0.34,6.36
1489816857.92,-7.43,-0.33,6.41
1489816857.94,-7.33,-0.33,6.32
1489816857.95,-7.3,-0.41,6.33
1489816857.96,-7.26,-0.44,6.33
1489816857.98,-7.11,-0.39,6.4
1489816857.99,-7.09,-0.45,6.27
1489816858.0,-7.28,-0.47,6.26
1489816858.02,-7.42,-0.46,6.41
1489816858.04,-7.37,-0.36,6.58
1489816858.05,-7.32,-0.24,6.59
1489816858.07,-7.32,-0.21,6.6
1489816858.08,-7.27,-0.23,6.51
1489816858.1,-7.19,-0.3,6.41
1489816858.11,-7.13,-0.36,6.32
1489816858.12,-7.13,-0.34,6.31
1489816858.14,-7.13,-0.37,6.33
1489816858.15,-7.3,-0.36,6.34
1489816858.17,-7.37,-0.33,6.37
1489816858.18,-7.39,-0.37,6.41
1489816858.2,-7.47,-0.34,6.43
1489816858.21,-7.47,-0.32,6.4
1489816858.23,-7.45,-0.36,6.45
1489816858.24,-7.48,-0.41,6.31
1489816858.25,-7.46,-0.38,6.25
1489816858.27,-7.46,-0.34,6.3
1489816858.28,-7.42,-0.34,6.34
1489816858.3,-7.39,-0.37,6.32
1489816858.31,-7.37,-0.47,6.33
1489816858.33,-7.37,-0.44,6.3
1489816858.34,-7.34,-0.41,6.34
1489816858.36,-7.35,-0.37,6.36
1489816858.37,-7.33,-0.37,6.36
1489816858.39,-7.29,-0.35,6.37
1489816858.4,-7.28,-0.34,6.42
1489816858.41,-7.33,-0.31,6.34
1489816858.43,-7.27,-0.33,6.34
1489816858.44,-7.3,-0.33,6.33
1489816858.46,-7.27,-0.34,6.43
1489816858.47,-7.24,-0.34,6.45
1489816858.49,-7.23,-0.37,6.36
1489816858.5,-7.34,-0.4,6.28
1489816858.52,-7.38,-0.39,6.36
1489816858.53,-7.46,-0.35,6.35
1489816858.55,-7.41,-0.37,6.38
1489816858.56,-7.38,-0.33,6.32
1489816858.57,-7.4,-0.44,6.25
1489816858.59,-7.45,-0.53,6.31
1489816858.6,-7.38,-0.39,6.29
1489816858.62,-7.35,-0.43,6.15
1489816858.63,-7.43,-0.41,6.27
1489816858.65,-7.47,-0.37,6.36
1489816858.66,-7.5,-0.4,6.36
1489816858.68,-7.44,-0.36,6.41
1489816858.69,-7.42,-0.39,6.38
1489816858.71,-7.31,-0.35,6.35
1489816858.72,-7.3,-0.39,6.32
1489816858.73,-7.27,-0.39,6.36
1489816858.75,-7.3,-0.36,6.31
1489816858.76,-7.31,-0.38,6.34
1489816858.78,-7.29,-0.36,6.29
1489816858.79,-7.23,-0.3,6.42
1489816858.81,-7.28,-0.35,6.38
1489816858.82,-7.32,-0.33,6.42
1489816858.84,-7.3,-0.38,6.36
1489816858.85,-7.35,-0.35,6.31
1489816858.87,-7.36,-0.39,6.34
1489816858.88,-7.43,-0.34,6.31
1489816858.89,-7.42,-0.39,6.41
1489816858.91,-7.44,-0.43,6.37
1489816858.92,-7.41,-0.42,6.28
1489816858.94,-7.42,-0.42,6.27
1489816858.95,-7.41,-0.41,6.22
1489816858.97,-7.41,-0.43,6.26
1489816858.98,-7.38,-0.39,6.31
1489816859.0,-7.44,-0.41,6.28
1489816859.01,-7.42,-0.43,6.37
1489816859.02,-7.41,-0.37,6.33
1489816859.04,-7.36,-0.36,6.31
1489816859.05,-7.38,-0.36,6.31
1489816859.07,-7.47,-0.35,6.41
1489816859.08,-7.88,-0.35,6.69
1489816859.1,-8.44,-0.35,7.27
1489816859.11,-8.89,-0.25,7.66
1489816859.13,-8.47,0.19,7.59
1489816859.14,-7.85,0.77,7.75
1489816859.16,-6.85,1.47,7.75
1489816859.17,-6.0,1.54,7.06
1489816859.18,-6.16,-0.01,5.68
1489816859.2,-6.78,-1.62,4.16
1489816859.21,-6.99,-2.16,3.74
1489816859.23,-6.62,-1.88,4.63
1489816859.24,-5.92,-0.4,5.95
1489816859.26,-5.8,0.23,6.9
1489816859.27,-6.11,0.04,7.54
1489816859.29,-6.38,-0.17,7.41
1489816859.3,-6.59,-0.62,6.47
1489816859.32,-6.87,-0.77,5.74
1489816859.33,-7.06,-0.79,5.32
1489816859.34,-7.25,-0.45,5.48
1489816859.36,-7.65,-0.58,5.98
1489816859.37,-7.96,-0.22,6.52
1489816859.39,-8.16,0.01,7.21
1489816859.4,-8.57,-0.1,7.83
1489816859.42,-9.13,0.15,8.5
1489816859.43,-8.98,0.09,9.06
1489816859.45,-8.64,0.46,8.5
1489816859.46,-8.08,1.12,8.02
1489816859.48,-7.13,1.54,7.55
1489816859.49,-6.28,1.28,6.9
1489816859.5,-6.24,-0.09,5.25
1489816859.52,-6.78,-1.18,3.73
1489816859.53,-6.77,-1.55,3.68
1489816859.55,-6.06,-1.53,4.69
1489816859.57,-5.3,-0.42,6.0
1489816859.58,-5.04,0.23,7.01
1489816859.59,-5.36,0.51,7.79
1489816859.61,-5.75,-0.01,7.38
1489816859.62,-6.37,-0.85,6.11
1489816859.64,-6.96,-1.03,5.2
1489816859.65,-7.15,-0.58,5.14
1489816859.66,-7.4,-0.49,5.62
1489816859.68,-7.88,-0.45,6.31
1489816859.69,-8.37,-0.11,6.89
1489816859.71,-8.62,0.21,7.51
1489816859.73,-8.69,0.21,7.84
1489816859.74,-8.81,0.04,8.15
1489816859.75,-9.09,-0.15,8.4
1489816859.77,-9.05,-0.01,8.15
1489816859.78,-8.59,0.66,8.0
1489816859.79,-7.7,1.26,8.09
1489816859.81,-6.51,1.25,7.73
1489816859.82,-6.1,0.52,6.42
1489816859.84,-6.33,-0.81,4.44
1489816859.85,-6.76,-1.27,3.54
1489816859.87,-6.62,-1.76,4.42
1489816859.88,-5.77,-0.99,5.78
1489816859.9,-5.22,0.14,6.83
1489816859.91,-5.32,0.98,7.8
1489816859.93,-5.73,0.64,8.15
1489816859.94,-6.24,-0.18,6.95
1489816859.95,-6.35,-0.81,5.74
1489816859.97,-6.23,-0.93,5.2
1489816859.98,-6.32,-0.79,5.29
1489816860.0,-6.67,-0.73,5.57
1489816860.02,-7.09,-0.58,6.0
1489816860.03,-7.66,-0.04,6.8
1489816860.04,-8.12,0.24,7.12
1489816860.06,-8.59,0.38,7.42
1489816860.07,-8.99,-0.01,7.72
1489816860.09,-9.07,-0.3,7.97
1489816860.1,-8.4,-0.09,7.98
1489816860.11,-7.57,0.05,7.36
1489816860.13,-7.06,-0.08,6.59
1489816860.14,-6.72,-0.34,5.83
1489816860.16,-6.47,-0.52,5.28
1489816860.18,-6.45,-0.61,5.11
1489816860.19,-6.56,-0.29,5.69
1489816860.2,-6.74,-0.25,6.3
1489816860.22,-6.98,-0.36,6.71
1489816860.23,-7.18,-0.36,6.93
1489816860.25,-7.43,-0.32,7.09
1489816860.26,-7.52,-0.27,7.13
1489816860.27,-7.5,0.04,7.07
1489816860.29,-7.45,0.07,7.11
1489816860.31,-7.36,-0.01,6.7
1489816860.32,-7.27,-0.09,6.32
1489816860.34,-7.04,-0.29,6.01
1489816860.35,-7.11,-0.41,5.76
1489816860.36,-7.19,-0.47,5.81
1489816860.38,-7.23,-0.45,6.11
1489816860.39,-7.25,-0.52,6.34
1489816860.41,-7.56,-0.68,6.4
1489816860.42,-7.68,-0.57,6.53
1489816860.44,-7.56,-0.44,6.62
1489816860.45,-7.56,-0.38,6.55
1489816860.47,-7.57,-0.4,6.57
1489816860.48,-7.56,-0.44,6.53
1489816860.49,-7.39,-0.32,6.47
1489816860.51,-7.18,-0.3,6.43
1489816860.52,-7.01,-0.42,6.31
1489816860.54,-6.96,-0.44,6.23
1489816860.55,-6.94,-0.41,6.36
1489816860.56,-6.95,-0.4,6.4
1489816860.58,-7.16,-0.34,6.45
1489816860.6,-7.28,-0.26,6.48
1489816860.61,-7.29,-0.24,6.61
1489816860.63,-7.39,-0.16,6.65
1489816860.64,-7.33,-0.14,6.59
1489816860.65,-7.25,-0.21,6.56
1489816860.67,-7.18,-0.27,6.4
1489816860.68,-7.19,-0.34,6.31
1489816860.7,-7.24,-0.35,6.28
1489816860.71,-7.33,-0.37,6.25
1489816860.73,-7.44,-0.41,6.31
1489816860.74,-7.53,-0.43,6.3
1489816860.76,-7.58,-0.46,6.25
1489816860.77,-7.69,-0.44,6.63
1489816860.79,-7.54,-0.45,6.42
1489816860.8,-7.44,-0.36,6.43
1489816860.81,-7.38,-0.39,6.39
1489816860.83,-7.34,-0.36,6.43
1489816860.84,-7.29,-0.4,6.35
1489816860.86,-7.26,-0.45,6.33
1489816860.87,-7.22,-0.36,6.3
1489816860.89,-7.21,-0.39,6.32
1489816860.9,-7.28,-0.39,6.43
1489816860.92,-7.28,-0.36,6.48
1489816860.93,-7.33,-0.34,6.44
1489816860.95,-7.32,-0.25,6.58
1489816860.96,-7.19,-0.19,6.48
1489816860.97,-7.25,-0.34,6.42
1489816860.99,-7.17,-0.4,6.34
1489816861.0,-7.12,-0.27,6.36
1489816861.02,-7.2,-0.28,6.34
1489816861.03,-7.32,-0.38,6.33
1489816861.05,-7.42,-0.36,6.42
1489816861.06,-7.47,-0.32,6.39
1489816861.08,-7.52,-0.3,6.41
1489816861.09,-7.58,-0.34,6.34
1489816861.11,-7.49,-0.36,6.31
1489816861.12,-7.39,-0.42,6.22
1489816861.13,-7.33,-0.43,6.26
1489816861.15,-7.35,-0.39,6.29
1489816861.16,-7.35,-0.4,6.31
1489816861.18,-7.33,-0.44,6.29
1489816861.19,-7.34,-0.45,6.4
1489816861.21,-7.38,-0.39,6.38
1489816861.22,-7.28,-0.37,6.38
1489816861.24,-7.38,-0.41,6.39
1489816861.25,-7.33,-0.35,6.32
1489816861.27,-7.33,-0.26,6.41
1489816861.28,-7.3,-0.25,6.44
1489816861.29,-7.31,-0.26,6.47
1489816861.31,-7.29,-0.29,6.45
1489816861.32,-7.26,-0.34,6.36
1489816861.34,-7.25,-0.34,6.34
1489816861.35,-7.27,-0.32,6.32
1489816861.37,-7.27,-0.36,6.35
1489816861.38,-7.34,-0.34,6.38
1489816861.4,-7.38,-0.37,6.39
1489816861.41,-7.46,-0.37,6.38
1489816861.43,-7.43,-0.38,6.31
1489816861.44,-7.47,-0.37,6.4
1489816861.45,-7.43,-0.34,6.36
1489816861.47,-7.32,-0.43,6.25
1489816861.48,-7.44,-0.42,6.34
1489816861.5,-7.38,-0.39,6.29
1489816861.51,-7.4,-0.36,6.39
1489816861.53,-7.42,-0.34,6.35
1489816861.54,-7.36,-0.35,6.35
1489816861.56,-7.4,-0.44,6.29
1489816861.57,-7.35,-0.44,6.39
1489816861.58,-7.29,-0.31,6.4
1489816861.6,-7.26,-0.38,6.3
1489816861.62,-7.28,-0.35,6.29
1489816861.63,-7.38,-0.31,6.39
1489816861.64,-7.31,-0.31,6.41
1489816861.66,-7.38,-0.29,6.42
1489816861.67,-7.37,-0.31,6.5
1489816861.69,-7.3,-0.34,6.34
1489816861.7,-7.26,-0.36,6.32
1489816861.72,-7.31,-0.39,6.28
1489816861.73,-7.47,-0.35,6.34
1489816861.74,-7.48,-0.35,6.47
1489816861.76,-7.48,-0.37,6.64
1489816861.77,-7.79,-0.36,6.72
1489816861.79,-8.16,-0.31,6.9
1489816861.8,-8.57,-0.22,7.19
1489816861.82,-8.6,0.08,7.4
1489816861.83,-8.26,0.56,7.69
1489816861.85,-7.32,1.01,7.74
1489816861.86,-6.34,1.17,7.4
1489816861.88,-6.1,0.23,6.06
1489816861.89,-6.68,-1.38,4.15
1489816861.9,-7.12,-1.94,3.6
1489816861.92,-6.79,-1.76,4.61
1489816861.93,-6.14,-0.62,5.77
1489816861.95,-5.69,0.21,6.79
1489816861.96,-5.93,0.36,7.52
1489816861.98,-6.2,-0.15,7.25
1489816861.99,-6.3,-0.56,6.42
1489816862.01,-6.61,-0.84,5.66
1489816862.02,-6.87,-0.68,5.34
1489816862.04,-7.11,-0.52,5.48
1489816862.05,-7.47,-0.43,5.83
1489816862.06,-7.87,-0.3,6.49
1489816862.08,-8.61,-0.16,7.17
1489816862.09,-9.56,0.18,8.48
1489816862.11,-9.77,0.31,9.57
1489816862.13,-8.99,0.86,9.77
1489816862.14,-8.25,1.43,9.06
1489816862.15,-7.08,1.31,7.97
1489816862.17,-6.28,0.67,6.38
1489816862.18,-6.37,-0.53,4.45
1489816862.2,-6.33,-1.23,3.11
1489816862.21,-6.27,-1.52,3.39
1489816862.22,-5.99,-1.26,4.78
1489816862.24,-5.66,-0.56,6.12
1489816862.25,-5.26,0.14,7.06
1489816862.27,-5.37,0.41,7.79
1489816862.29,-5.62,-0.09,7.29
1489816862.3,-6.26,-0.75,6.11
1489816862.31,-6.79,-0.9,5.25
1489816862.33,-7.2,-0.86,5.08
1489816862.34,-7.79,-0.59,5.64
1489816862.35,-8.49,-0.29,6.41
1489816862.37,-9.0,0.04,7.38
1489816862.38,-9.14,0.15,8.13
1489816862.4,-9.14,0.34,8.43
1489816862.42,-8.85,0.37,8.87
1489816862.43,-8.83,0.13,8.36
1489816862.44,-8.59,0.41,7.58
1489816862.46,-7.9,0.84,7.61
1489816862.47,-7.0,0.9,7.63
1489816862.49,-6.15,1.0,7.14
1489816862.5,-6.41,-0.32,4.98
1489816862.51,-7.04,-1.41,3.35
1489816862.53,-6.97,-1.84,4.04
1489816862.55,-5.95,-1.11,5.68
1489816862.56,-5.2,0.06,6.49
1489816862.58,-5.02,0.79,7.43
1489816862.59,-5.3,0.64,7.84
1489816862.6,-6.07,0.11,7.12
1489816862.62,-6.56,-0.56,6.1
1489816862.63,-6.46,-0.76,5.57
1489816862.65,-6.26,-0.68,5.44
1489816862.66,-6.34,-0.58,5.58
1489816862.67,-6.78,-0.74,5.68
1489816862.69,-7.09,-0.36,6.02
1489816862.71,-7.3,0.19,6.55
1489816862.72,-7.81,0.05,6.74
1489816862.74,-8.48,-0.06,7.09
1489816862.75,-9.02,-0.34,7.57
1489816862.76,-9.13,-0.29,8.26
1489816862.78,-8.77,-0.1,8.48
1489816862.79,-8.02,0.22,7.81
1489816862.81,-7.25,0.03,6.94
1489816862.82,-6.79,-0.2,5.85
1489816862.83,-6.32,-0.35,4.93
1489816862.85,-6.24,-0.32,4.73
1489816862.87,-6.44,-0.33,5.42
1489816862.88,-6.63,-0.18,6.0
1489816862.9,-6.96,-0.38,6.46
1489816862.91,-7.2,-0.3,6.82
1489816862.92,-7.44,-0.25,6.98
1489816862.94,-7.58,-0.18,7.32
1489816862.95,-7.6,-0.08,7.26
1489816862.97,-7.53,0.04,7.12
1489816862.98,-7.51,-0.22,6.7
1489816863.0,-7.55,-0.28,6.32
1489816863.01,-7.25,-0.14,5.94
1489816863.03,-7.1,-0.41,5.82
1489816863.04,-7.21,-0.57,5.77
1489816863.06,-7.36,-0.59,6.0
1489816863.07,-7.44,-0.53,6.33
1489816863.08,-7.37,-0.42,6.43
1489816863.1,-7.41,-0.39,6.54
1489816863.11,-7.5,-0.38,6.55
1489816863.13,-7.54,-0.45,6.53
1489816863.14,-7.49,-0.45,6.44
1489816863.16,-7.48,-0.49,6.39
1489816863.17,-7.45,-0.41,6.39
1489816863.19,-7.36,-0.41,6.5
1489816863.2,-7.13,-0.23,6.57
1489816863.21,-6.94,-0.27,6.51
1489816863.23,-6.92,-0.34,6.34
1489816863.24,-7.01,-0.31,6.36
1489816863.26,-7.24,-0.29,6.36
1489816863.27,-7.3,-0.22,6.49
1489816863.29,-7.29,-0.13,6.52
1489816863.3,-7.35,-0.18,6.56
1489816863.32,-7.3,-0.34,6.4
1489816863.33,-7.17,-0.26,6.37
1489816863.35,-7.11,-0.29,6.27
1489816863.36,-7.21,-0.34,6.3
1489816863.37,-7.42,-0.32,6.37
1489816863.39,-7.52,-0.35,6.4
1489816863.4,-7.61,-0.31,6.45
1489816863.42,-7.58,-0.36,6.34
1489816863.43,-7.54,-0.37,6.28
1489816863.45,-7.44,-0.38,6.22
1489816863.46,-7.37,-0.41,6.25
1489816863.48,-7.33,-0.35,6.34
1489816863.49,-7.39,-0.39,6.43
1489816863.51,-7.34,-0.34,6.37
1489816863.52,-7.28,-0.42,6.51
1489816863.53,-7.33,-0.42,6.4
1489816863.55,-7.24,-0.38,6.33
1489816863.56,-7.28,-0.39,6.36
1489816863.58,-7.24,-0.37,6.35
1489816863.59,-7.25,-0.32,6.37
1489816863.61,-7.23,-0.29,6.43
1489816863.62,-7.21,-0.23,6.39
1489816863.64,-7.28,-0.28,6.47
1489816863.65,-7.24,-0.27,6.45
1489816863.67,-7.26,-0.32,6.36
1489816863.68,-7.24,-0.29,6.37
1489816863.69,-7.29,-0.35,6.33
1489816863.71,-7.36,-0.35,6.32
1489816863.72,-7.43,-0.37,6.3
1489816863.74,-7.5,-0.37,6.29
1489816863.75,-7.51,-0.36,6.34
1489816863.77,-7.48,-0.36,6.36
1489816863.78,-7.45,-0.37,6.32
1489816863.8,-7.39,-0.41,6.17
1489816863.81,-7.35,-0.39,6.26
1489816863.83,-7.39,-0.36,6.28
1489816863.84,-7.36,-0.36,6.35
1489816863.85,-7.32,-0.31,6.33
1489816863.87,-7.31,-0.34,6.34
1489816863.88,-7.34,-0.51,6.32
1489816863.9,-7.34,-0.42,6.38
1489816863.91,-7.29,-0.34,6.41
1489816863.93,-7.3,-0.35,6.39
1489816863.94,-7.31,-0.33,6.34
1489816863.96,-7.37,-0.26,6.38
1489816863.97,-7.36,-0.26,6.42
1489816863.98,-7.32,-0.23,6.45
1489816864.0,-7.26,-0.3,6.4
1489816864.01,-7.27,-0.33,6.33
1489816864.03,-7.27,-0.37,6.26
1489816864.04,-7.26,-0.41,6.34
1489816864.06,-7.49,-0.44,6.31
1489816864.07,-7.5,-0.37,6.37
1489816864.09,-7.35,-0.31,6.44
1489816864.1,-7.38,-0.32,6.29
1489816864.12,-7.44,-0.38,6.23
1489816864.13,-7.45,-0.4,6.3
1489816864.14,-7.43,-0.41,6.31
1489816864.16,-7.45,-0.4,6.26
1489816864.17,-7.46,-0.37,6.33
1489816864.19,-7.47,-0.34,6.37
1489816864.2,-7.42,-0.4,6.34
1489816864.22,-7.35,-0.39,6.33
1489816864.23,-7.4,-0.35,6.31
1489816864.25,-8.16,-0.35,6.73
1489816864.26,-9.55,-0.33,7.56
1489816864.28,-9.52,0.2,8.22
1489816864.29,-8.38,1.23,8.62
1489816864.3,-6.83,1.95,8.4
1489816864.32,-5.59,1.81,7.67
1489816864.33,-5.62,0.01,4.93
1489816864.35,-6.72,-2.04,2.9
1489816864.36,-7.24,-2.56,3.18
1489816864.38,-6.58,-1.68,4.64
1489816864.39,-5.78,-0.37,6.2
1489816864.41,-5.47,0.13,6.86
1489816864.42,-5.73,0.39,6.94
1489816864.44,-6.0,-0.11,7.03
1489816864.45,-6.16,-0.75,6.5
1489816864.46,-6.32,-1.06,5.74
1489816864.48,-6.68,-1.05,5.37
1489816864.49,-7.32,-0.94,5.31
1489816864.51,-8.29,-1.1,5.78
1489816864.53,-8.59,-0.39,6.41
1489816864.54,-9.0,-0.23,6.83
1489816864.55,-9.08,0.22,7.9
1489816864.57,-8.65,0.3,8.35
1489816864.58,-8.15,0.35,8.43
1489816864.6,-7.62,-0.01,7.83
1489816864.61,-7.19,-0.16,6.99
1489816864.62,-6.81,-0.17,6.09
1489816864.64,-6.66,-0.13,5.47
1489816864.65,-6.73,-0.14,5.24
1489816864.67,-6.86,-0.14,5.33
1489816864.68,-7.02,-0.25,5.38
1489816864.7,-7.17,-0.26,5.77
1489816864.71,-7.24,-0.32,6.22
1489816864.73,-7.3,-0.34,6.66
1489816864.74,-7.34,-0.29,6.92
1489816864.76,-7.46,-0.23,7.21
1489816864.77,-7.57,-0.18,7.22
1489816864.78,-7.76,-0.28,6.9
1489816864.8,-7.8,-0.31,6.5
1489816864.82,-7.76,-0.42,6.04
1489816864.83,-7.58,-0.54,5.64
1489816864.84,-7.44,-0.48,5.49
1489816864.86,-7.25,-0.46,5.68
1489816864.87,-7.24,-0.51,6.04
1489816864.89,-7.23,-0.51,6.31
1489816864.9,-7.31,-0.47,6.45
1489816864.91,-7.48,-0.53,6.56
1489816864.93,-7.58,-0.58,6.65
1489816864.95,-7.53,-0.58,6.72
1489816864.96,-7.38,-0.46,6.6
1489816864.98,-7.22,-0.5,6.38
1489816864.99,-7.24,-0.42,6.32
1489816865.0,-7.17,-0.37,6.21
1489816865.02,-7.24,-0.34,6.33
1489816865.03,-7.06,-0.24,6.34
1489816865.05,-7.02,-0.2,6.34
1489816865.06,-7.06,-0.37,6.21
1489816865.07,-7.14,-0.34,6.25
1489816865.09,-7.29,-0.22,6.36
1489816865.11,-7.4,-0.24,6.39
1489816865.12,-7.52,-0.3,6.41
1489816865.14,-7.58,-0.29,6.47
1489816865.15,-7.55,-0.3,6.39
1489816865.16,-7.55,-0.34,6.22
1489816865.18,-7.44,-0.38,6.2
1489816865.19,-7.31,-0.43,6.13
1489816865.21,-7.3,-0.49,6.13
1489816865.22,-7.37,-0.49,6.19
1489816865.24,-7.5,-0.5,6.23
1489816865.25,-7.5,-0.46,6.32
1489816865.27,-7.42,-0.41,6.44
1489816865.28,-7.46,-0.42,6.39
1489816865.3,-7.36,-0.41,6.39
1489816865.31,-7.34,-0.43,6.41
1489816865.32,-7.27,-0.43,6.35
1489816865.34,-7.27,-0.4,6.33
1489816865.35,-7.31,-0.36,6.34
1489816865.37,-7.33,-0.39,6.41
1489816865.38,-7.28,-0.32,6.43
1489816865.4,-7.26,-0.35,6.33
1489816865.41,-7.24,-0.39,6.19
1489816865.43,-7.27,-0.37,6.34
1489816865.44,-7.29,-0.36,6.39
1489816865.46,-7.32,-0.35,6.44
1489816865.47,-7.36,-0.36,6.38
1489816865.48,-7.43,-0.4,6.33
1489816865.5,-7.49,-0.36,6.23
1489816865.51,-7.48,-0.38,6.29
1489816865.53,-7.48,-0.39,6.32
1489816865.54,-7.47,-0.37,6.25
1489816865.56,-7.45,-0.38,6.15
1489816865.57,-7.47,-0.41,6.2
1489816865.59,-7.48,-0.41,6.19
1489816865.6,-7.47,-0.4,6.35
1489816865.61,-7.41,-0.35,6.33
1489816865.63,-7.35,-0.4,6.31
1489816865.64,-7.42,-0.55,6.25
1489816865.66,-7.36,-0.44,6.42
1489816865.67,-7.29,-0.33,6.39
1489816865.69,-7.31,-0.39,6.26
1489816865.7,-7.4,-0.41,6.29
1489816865.72,-7.43,-0.35,6.35
1489816865.73,-7.4,-0.35,6.44
1489816865.75,-7.33,-0.29,6.41
1489816865.76,-7.27,-0.34,6.4
1489816865.77,-7.27,-0.4,6.31
1489816865.79,-7.26,-0.44,6.3
1489816865.8,-7.32,-0.46,6.28
1489816865.82,-7.42,-0.42,6.32
1489816865.83,-7.36,-0.41,6.3
1489816865.85,-7.39,-0.41,6.39
1489816865.86,-7.5,-0.41,6.28
1489816865.88,-7.47,-0.44,6.34
1489816865.89,-7.45,-0.42,6.34
1489816865.91,-7.42,-0.39,6.15
1489816865.92,-7.42,-0.42,6.2
1489816865.93,-7.45,-0.42,6.32
1489816865.95,-7.47,-0.4,6.29
1489816865.96,-7.45,-0.4,6.27
1489816865.98,-7.42,-0.4,6.26
1489816865.99,-7.37,-0.41,6.24
1489816866.01,-7.4,-0.36,6.25
1489816866.02,-7.41,-0.39,6.31
1489816866.04,-7.36,-0.41,6.33
1489816866.05,-7.37,-0.38,6.34
1489816866.07,-7.33,-0.34,6.27
1489816866.08,-7.31,-0.39,6.18
1489816866.09,-7.73,-0.41,6.46
1489816866.11,-8.93,-0.53,7.29
1489816866.12,-9.51,-0.42,8.01
1489816866.14,-8.71,0.45,8.19
1489816866.15,-7.77,1.13,8.41
1489816866.17,-6.59,1.72,8.09
1489816866.18,-5.88,1.46,7.05
1489816866.2,-6.15,-0.57,4.36
1489816866.21,-6.89,-2.24,2.81
1489816866.23,-6.92,-2.64,3.36
1489816866.24,-6.23,-1.41,4.96
1489816866.25,-5.7,-0.01,6.12
1489816866.27,-5.76,0.32,6.9
1489816866.28,-6.1,0.04,7.48
1489816866.3,-6.42,-0.27,7.34
1489816866.31,-6.68,-0.7,6.57
1489816866.33,-6.9,-0.97,5.69
1489816866.34,-7.02,-0.76,5.26
1489816866.36,-7.16,-0.45,5.35
1489816866.37,-7.46,-0.46,5.85
1489816866.38,-7.86,-0.34,6.33
1489816866.4,-8.27,-0.41,6.98
1489816866.41,-8.29,0.0,7.44
1489816866.43,-8.18,-0.14,7.97
1489816866.44,-7.91,-0.05,8.08
1489816866.46,-7.53,-0.09,7.41
1489816866.47,-7.22,-0.05,6.71
1489816866.49,-6.98,-0.06,6.13
1489816866.5,-6.93,-0.12,5.88
1489816866.52,-6.98,-0.19,5.6
1489816866.53,-7.07,-0.3,5.61
1489816866.54,-7.19,-0.26,5.88
1489816866.56,-7.15,-0.25,6.27
1489816866.57,-7.13,-0.35,6.47
1489816866.59,-7.18,-0.41,6.7
1489816866.6,-7.28,-0.42,6.89
1489816866.62,-7.43,-0.4,6.82
1489816866.63,-7.58,-0.38,6.77
1489816866.65,-7.71,-0.31,6.57
1489816866.66,-7.76,-0.41,6.27
1489816866.68,-7.7,-0.46,6.03
1489816866.69,-7.5,-0.46,5.97
1489816866.7,-7.27,-0.45,5.97
1489816866.72,-7.26,-0.47,6.08
1489816866.73,-7.23,-0.53,6.27
1489816866.75,-7.41,-0.53,6.31
1489816866.77,-7.48,-0.47,6.51
1489816866.78,-7.38,-0.41,6.62
1489816866.79,-7.36,-0.51,6.46
1489816866.81,-7.35,-0.61,6.41
1489816866.82,-7.27,-0.45,6.46
1489816866.84,-7.16,-0.39,6.38
1489816866.85,-7.22,-0.39,6.37
1489816866.86,-7.26,-0.31,6.45
1489816866.88,-7.22,-0.25,6.51
1489816866.89,-7.23,-0.28,6.5
1489816866.91,-7.2,-0.27,6.44
1489816866.93,-7.14,-0.31,6.34
1489816866.94,-7.18,-0.31,6.28
1489816866.95,-7.25,-0.34,6.19
1489816866.97,-7.36,-0.33,6.22
1489816866.98,-7.4,-0.32,6.21
1489816867.0,-7.4,-0.35,6.33
1489816867.01,-7.46,-0.36,6.25
1489816867.02,-7.43,-0.4,6.28
1489816867.04,-7.43,-0.43,6.31
1489816867.06,-7.44,-0.42,6.29
1489816867.07,-7.44,-0.46,6.29
1489816867.09,-7.5,-0.49,6.29
1489816867.1,-7.54,-0.47,6.42
1489816867.11,-7.55,-0.46,6.39
1489816867.13,-7.5,-0.44,6.43
1489816867.14,-7.46,-0.45,6.42
1489816867.16,-7.4,-0.43,6.39
1489816867.17,-7.31,-0.43,6.41
1489816867.19,-7.23,-0.41,6.36
1489816867.2,-7.25,-0.41,6.29
1489816867.22,-7.23,-0.42,6.24
1489816867.23,-7.29,-0.41,6.34
1489816867.25,-7.28,-0.35,6.48
1489816867.26,-7.25,-0.35,6.45
1489816867.27,-7.21,-0.35,6.36
1489816867.29,-7.3,-0.34,6.4
1489816867.3,-7.3,-0.36,6.32
1489816867.32,-7.42,-0.37,6.31
1489816867.33,-7.39,-0.34,6.34
1489816867.35,-7.36,-0.32,6.27
1489816867.36,-7.42,-0.45,6.14
1489816867.38,-7.46,-0.58,6.24
1489816867.39,-7.45,-0.45,6.32
1489816867.4,-7.46,-0.45,6.22
1489816867.42,-7.5,-0.45,6.2
1489816867.43,-7.53,-0.45,6.32
1489816867.45,-7.49,-0.4,6.32
1489816867.46,-7.49,-0.4,6.34
1489816867.48,-7.43,-0.39,6.39
1489816867.49,-7.31,-0.44,6.32
1489816867.51,-7.29,-0.46,6.21
1489816867.52,-7.29,-0.47,6.31
1489816867.54,-7.34,-0.45,6.34
1489816867.55,-7.3,-0.43,6.34
1489816867.56,-7.28,-0.41,6.43
1489816867.58,-7.35,-0.36,6.37
1489816867.59,-7.29,-0.36,6.37
1489816867.61,-7.31,-0.35,6.36
1489816867.62,-7.29,-0.37,6.32
1489816867.64,-7.34,-0.36,6.34
1489816867.65,-7.34,-0.35,6.42
1489816867.67,-7.38,-0.38,6.37
1489816867.68,-7.43,-0.39,6.27
1489816867.7,-7.5,-0.46,6.3
1489816867.71,-7.49,-0.48,6.21
1489816867.72,-7.46,-0.45,6.29
1489816867.74,-7.44,-0.42,6.3
1489816867.75,-7.43,-0.45,6.27
1489816867.77,-7.46,-0.47,6.23
1489816867.78,-7.46,-0.48,6.18
1489816867.8,-7.42,-0.45,6.3
1489816867.81,-7.42,-0.45,6.33
1489816867.83,-7.41,-0.43,6.24
1489816867.84,-7.34,-0.4,6.17
1489816867.86,-7.45,-0.45,6.3
1489816867.87,-7.4,-0.42,6.23
1489816867.88,-7.43,-0.35,6.34
1489816867.9,-7.33,-0.32,6.43
1489816867.91,-7.28,-0.35,6.29
1489816867.93,-7.42,-0.5,6.32
1489816867.94,-7.6,-0.51,6.63
1489816867.96,-8.05,-0.36,7.08
1489816867.97,-8.67,-0.33,7.43
1489816867.99,-8.79,0.04,7.71
1489816868.0,-8.31,0.59,7.82
1489816868.02,-7.47,0.95,7.73
1489816868.03,-6.58,1.14,7.4
1489816868.04,-6.26,0.64,6.44
1489816868.06,-6.89,-1.16,4.58
1489816868.07,-7.34,-2.16,3.98
1489816868.09,-6.93,-1.94,4.69
1489816868.1,-6.16,-0.82,5.51
1489816868.12,-5.75,0.06,6.36
1489816868.13,-5.79,0.39,6.94
1489816868.15,-6.33,-0.02,7.25
1489816868.16,-6.64,-0.45,6.83
1489816868.17,-6.68,-0.48,6.34
1489816868.19,-6.78,-0.7,5.8
1489816868.2,-6.85,-0.79,5.67
1489816868.22,-6.87,-0.78,5.74
1489816868.23,-6.88,-0.56,5.85
1489816868.25,-7.11,-0.45,5.89
1489816868.26,-7.44,-0.19,6.19
1489816868.28,-7.89,-0.05,6.79
1489816868.29,-8.15,-0.25,7.54
1489816868.31,-8.19,-0.16,7.88
1489816868.32,-8.15,-0.02,8.03
1489816868.33,-7.85,0.19,7.64
1489816868.35,-7.48,0.08,6.93
1489816868.36,-7.25,0.0,6.3
1489816868.38,-7.02,-0.12,5.81
1489816868.39,-6.75,-0.31,5.57
1489816868.41,-6.83,-0.36,5.47
1489816868.42,-6.91,-0.45,5.75
1489816868.44,-7.11,-0.33,6.02
1489816868.45,-7.22,-0.33,6.42
1489816868.47,-7.24,-0.32,6.71
1489816868.48,-7.47,-0.41,6.75
1489816868.49,-7.68,-0.49,6.9
1489816868.51,-7.83,-0.39,6.97
1489816868.52,-7.79,-0.35,6.74
1489816868.54,-7.65,-0.36,6.34
1489816868.55,-7.55,-0.43,6.02
1489816868.57,-7.42,-0.46,5.89
1489816868.58,-7.33,-0.47,5.91
1489816868.6,-7.21,-0.56,6.1
1489816868.61,-7.23,-0.54,6.27
1489816868.63,-7.24,-0.57,6.44
1489816868.64,-7.33,-0.48,6.47
1489816868.65,-7.37,-0.53,6.45
1489816868.67,-7.41,-0.46,6.55
1489816868.68,-7.47,-0.46,6.61
1489816868.7,-7.38,-0.4,6.43
1489816868.71,-7.25,-0.35,6.36
1489816868.73,-7.17,-0.35,6.32
1489816868.74,-7.08,-0.35,6.3
1489816868.76,-7.11,-0.3,6.18
1489816868.77,-7.22,-0.28,6.37
1489816868.79,-7.27,-0.32,6.45
1489816868.8,-7.36,-0.3,6.37
1489816868.81,-7.41,-0.33,6.4
1489816868.83,-7.37,-0.34,6.33
1489816868.84,-7.4,-0.37,6.29
1489816868.86,-7.35,-0.41,6.22
1489816868.88,-7.4,-0.47,6.2
1489816868.89,-7.47,-0.5,6.16
1489816868.9,-7.43,-0.51,6.24
1489816868.92,-7.4,-0.52,6.35
1489816868.93,-7.43,-0.5,6.35
1489816868.94,-7.42,-0.51,6.29
1489816868.96,-7.5,-0.47,6.4
1489816868.97,-7.47,-0.46,6.42
1489816868.99,-7.51,-0.42,6.45
1489816869.0,-7.4,-0.37,6.36
1489816869.02,-7.27,-0.36,6.32
1489816869.03,-7.27,-0.52,6.31
1489816869.05,-7.27,-0.49,6.33
1489816869.06,-7.17,-0.4,6.34
1489816869.08,-7.24,-0.43,6.3
1489816869.09,-7.29,-0.42,6.29
1489816869.1,-7.34,-0.34,6.38
1489816869.12,-7.42,-0.36,6.48
1489816869.13,-7.42,-0.31,6.55
1489816869.15,-7.4,-0.38,6.45
1489816869.17,-7.31,-0.4,6.39
1489816869.18,-7.31,-0.39,6.23
1489816869.19,-7.36,-0.41,6.19
1489816869.21,-7.43,-0.41,6.2
1489816869.22,-7.47,-0.4,6.25
1489816869.24,-7.45,-0.42,6.32
1489816869.25,-7.49,-0.41,6.25
1489816869.26,-7.41,-0.43,6.33
1489816869.28,-7.43,-0.47,6.3
1489816869.3,-7.44,-0.47,6.17
1489816869.31,-7.41,-0.43,6.28
1489816869.33,-7.47,-0.38,6.33
1489816869.34,-7.46,-0.45,6.35
1489816869.35,-7.47,-0.46,6.4
1489816869.37,-7.41,-0.45,6.38
1489816869.38,-7.35,-0.43,6.29
1489816869.4,-7.35,-0.43,6.34
1489816869.41,-7.28,-0.39,6.33
1489816869.43,-7.29,-0.4,6.28
1489816869.44,-7.31,-0.43,6.27
1489816869.46,-7.33,-0.41,6.33
1489816869.47,-7.35,-0.38,6.42
1489816869.49,-7.38,-0.36,6.43
1489816869.5,-7.31,-0.39,6.35
1489816869.51,-7.41,-0.41,6.39
1489816869.53,-7.39,-0.46,6.35
1489816869.54,-7.49,-0.44,6.34
1489816869.56,-7.42,-0.4,6.26
1489816869.57,-7.41,-0.37,6.29
1489816869.59,-7.4,-0.51,6.19
1489816869.6,-7.42,-0.55,6.22
1489816869.62,-7.35,-0.42,6.3
1489816869.63,-7.38,-0.46,6.15
1489816869.65,-7.47,-0.44,6.2
1489816869.66,-7.49,-0.41,6.29
1489816869.67,-7.52,-0.42,6.36
1489816869.69,-7.47,-0.39,6.45
1489816869.7,-7.41,-0.42,6.34
1489816869.72,-7.32,-0.39,6.35
1489816869.73,-7.3,-0.4,6.25
1489816869.75,-7.31,-0.43,6.32
1489816869.76,-7.35,-0.41,6.24
1489816869.78,-7.36,-0.38,6.31
1489816869.79,-7.39,-0.41,6.36
1489816869.8,-7.36,-0.39,6.35
1489816869.82,-7.3,-0.39,6.32
1489816869.83,-7.32,-0.4,6.32
1489816869.85,-7.37,-0.41,6.24
1489816869.86,-7.43,-0.38,6.33
1489816869.88,-7.39,-0.35,6.32
1489816869.89,-7.44,-0.39,6.33
1489816869.91,-7.43,-0.45,6.34
1489816869.92,-7.41,-0.42,6.25
1489816869.94,-7.37,-0.46,6.21
1489816869.95,-7.37,-0.47,6.22
1489816869.96,-7.44,-0.45,6.16
1489816869.98,-7.46,-0.47,6.32
1489816869.99,-7.42,-0.42,6.34
1489816870.01,-7.41,-0.42,6.34
1489816870.02,-7.38,-0.41,6.23
1489816870.04,-7.41,-0.43,6.22
1489816870.05,-7.44,-0.44,6.27
1489816870.07,-7.39,-0.39,6.42
1489816870.08,-7.41,-0.43,6.35
1489816870.1,-7.26,-0.43,6.22
1489816870.11,-7.36,-0.41,6.26
1489816870.12,-7.31,-0.4,6.33
1489816870.14,-7.44,-0.36,6.34
1489816870.15,-7.36,-0.38,6.35
1489816870.17,-7.31,-0.35,6.29
1489816870.18,-7.33,-0.49,6.23
1489816870.2,-7.35,-0.52,6.28
1489816870.21,-7.36,-0.35,6.38
1489816870.23,-7.39,-0.39,6.27
1489816870.24,-7.47,-0.44,6.25
1489816870.26,-7.47,-0.39,6.28
1489816870.27,-7.48,-0.4,6.31
1489816870.28,-7.51,-0.39,6.36
1489816870.3,-7.46,-0.42,6.36
1489816870.31,-7.39,-0.43,6.31
1489816870.33,-7.38,-0.46,6.17
1489816870.34,-7.43,-0.48,6.21
1489816870.36,-7.47,-0.43,6.32
1489816870.37,-7.46,-0.43,6.42
1489816870.39,-7.37,-0.41,6.39
1489816870.4,-7.35,-0.4,6.16
1489816870.42,-7.35,-0.43,6.2
1489816870.43,-7.34,-0.41,6.25
1489816870.44,-7.38,-0.39,6.32
1489816870.46,-7.39,-0.38,6.25
1489816870.47,-7.4,-0.34,6.4
1489816870.49,-7.56,-0.35,6.51
1489816870.5,-8.08,-0.33,6.83
1489816870.52,-8.77,-0.4,7.39
1489816870.53,-9.01,-0.19,7.77
1489816870.55,-8.6,0.38,8.01
1489816870.56,-7.58,0.93,7.85
1489816870.58,-6.58,1.17,7.12
1489816870.59,-5.96,0.94,6.41
1489816870.6,-6.58,-0.8,4.88
1489816870.62,-7.31,-1.97,3.85
1489816870.63,-7.22,-1.8,4.41
1489816870.65,-6.45,-0.86,5.63
1489816870.66,-6.06,-0.11,6.46
1489816870.68,-6.07,0.34,7.04
1489816870.69,-6.34,0.18,7.37
1489816870.71,-6.68,-0.49,6.96
1489816870.72,-6.7,-0.57,6.4
1489816870.73,-6.68,-0.61,6.09
1489816870.75,-6.6,-0.7,5.86
1489816870.76,-6.53,-0.68,5.54
1489816870.78,-6.71,-0.6,5.41
1489816870.79,-6.9,-0.61,5.59
1489816870.81,-7.33,-0.35,5.9
1489816870.82,-7.75,-0.19,6.58
1489816870.84,-7.91,-0.21,7.51
1489816870.85,-8.18,-0.09,7.8
1489816870.87,-8.26,-0.1,7.95
1489816870.88,-8.11,0.07,7.81
1489816870.89,-7.65,0.31,7.29
1489816870.91,-7.35,0.17,6.65
1489816870.92,-7.2,-0.01,6.06
1489816870.94,-6.87,-0.11,5.6
1489816870.95,-6.73,-0.25,5.24
1489816870.97,-6.8,-0.55,5.34
1489816870.98,-6.97,-0.44,5.77
1489816871.0,-7.04,-0.4,6.3
1489816871.01,-7.32,-0.45,6.71
1489816871.03,-7.52,-0.38,7.01
1489816871.04,-7.7,-0.41,7.02
1489816871.05,-7.78,-0.4,6.97
1489816871.07,-7.8,-0.36,6.76
1489816871.08,-7.65,-0.33,6.45
1489816871.1,-7.45,-0.33,6.09
1489816871.12,-7.38,-0.45,5.86
1489816871.13,-7.37,-0.54,5.8
1489816871.14,-7.31,-0.49,6.01
1489816871.16,-7.2,-0.53,6.15
1489816871.17,-7.19,-0.57,6.28
1489816871.19,-7.29,-0.54,6.38
1489816871.2,-7.45,-0.56,6.52
1489816871.21,-7.52,-0.5,6.63
1489816871.23,-7.51,-0.45,6.65
1489816871.24,-7.48,-0.43,6.63
1489816871.26,-7.35,-0.39,6.51
1489816871.28,-7.26,-0.37,6.3
1489816871.29,-7.23,-0.35,6.09
1489816871.3,-7.24,-0.34,6.13
1489816871.32,-7.25,-0.29,6.36
1489816871.33,-7.27,-0.28,6.46
1489816871.34,-7.23,-0.25,6.39
1489816871.36,-7.36,-0.33,6.32
1489816871.37,-7.45,-0.35,6.28
1489816871.39,-7.56,-0.32,6.27
1489816871.41,-7.47,-0.32,6.39
1489816871.42,-7.39,-0.24,6.37
1489816871.44,-7.35,-0.42,6.16
1489816871.45,-7.4,-0.55,6.17
1489816871.46,-7.37,-0.47,6.29
1489816871.48,-7.42,-0.48,6.24
1489816871.49,-7.48,-0.47,6.28
1489816871.5,-7.57,-0.44,6.36
1489816871.52,-7.49,-0.35,6.4
1489816871.54,-7.47,-0.39,6.41
1489816871.55,-7.43,-0.36,6.43
1489816871.57,-7.36,-0.43,6.35
1489816871.58,-7.29,-0.43,6.29
1489816871.6,-7.22,-0.45,6.26
1489816871.61,-7.26,-0.4,6.25
1489816871.62,-7.34,-0.39,6.35
1489816871.64,-7.25,-0.41,6.38
1489816871.65,-7.27,-0.41,6.44
1489816871.67,-7.3,-0.33,6.38
1489816871.68,-7.27,-0.35,6.34
1489816871.7,-7.28,-0.36,6.35
1489816871.71,-7.27,-0.36,6.29
1489816871.73,-7.31,-0.35,6.32
1489816871.74,-7.39,-0.33,6.32
1489816871.75,-7.43,-0.36,6.34
1489816871.77,-7.47,-0.41,6.35
1489816871.78,-7.48,-0.38,6.27
1489816871.8,-7.43,-0.41,6.28
1489816871.81,-7.46,-0.41,6.15
1489816871.83,-7.45,-0.41,6.22
1489816871.84,-7.47,-0.41,6.31
1489816871.86,-7.46,-0.45,6.34
1489816871.87,-7.46,-0.44,6.39
1489816871.89,-7.41,-0.48,6.27
1489816871.9,-7.43,-0.42,6.22
1489816871.91,-7.44,-0.39,6.3
1489816871.93,-7.39,-0.42,6.36
1489816871.94,-7.29,-0.38,6.39
1489816871.96,-7.31,-0.41,6.34
1489816871.97,-7.36,-0.45,6.37
1489816871.99,-7.35,-0.41,6.28
1489816872.0,-7.39,-0.34,6.38
1489816872.02,-7.3,-0.27,6.4
1489816872.03,-7.27,-0.31,6.35
1489816872.05,-7.33,-0.51,6.28
1489816872.06,-7.31,-0.43,6.3
1489816872.07,-7.29,-0.4,6.32
1489816872.09,-7.38,-0.4,6.2
1489816872.1,-7.43,-0.4,6.26
1489816872.12,-7.51,-0.37,6.31
1489816872.13,-7.52,-0.37,6.34
1489816872.15,-7.53,-0.36,6.36
1489816872.16,-7.44,-0.39,6.31
1489816872.18,-7.4,-0.44,6.23
1489816872.19,-7.4,-0.42,6.24
1489816872.21,-7.42,-0.44,6.19
1489816872.22,-7.47,-0.44,6.18
1489816872.23,-7.41,-0.42,6.24
1489816872.25,-7.37,-0.4,6.29
1489816872.26,-7.42,-0.42,6.31
1489816872.28,-7.37,-0.4,6.35
1489816872.29,-7.33,-0.41,6.34
1489816872.31,-7.39,-0.4,6.32
1489816872.32,-7.37,-0.39,6.25
1489816872.34,-7.36,-0.36,6.3
1489816872.35,-7.35,-0.33,6.39
1489816872.36,-7.37,-0.37,6.39
1489816872.38,-7.43,-0.4,6.35
1489816872.39,-7.36,-0.39,6.29
1489816872.41,-7.36,-0.43,6.21
1489816872.42,-7.35,-0.44,6.23
1489816872.44,-7.42,-0.4,6.26
1489816872.45,-7.45,-0.41,6.3
1489816872.47,-7.44,-0.43,6.32
1489816872.48,-7.46,-0.42,6.28
1489816872.5,-7.43,-0.4,6.26
1489816872.51,-7.48,-0.43,6.2
1489816872.52,-7.47,-0.42,6.14
1489816872.54,-7.47,-0.38,6.3
1489816872.55,-7.43,-0.38,6.34
1489816872.57,-7.38,-0.44,6.28
1489816872.58,-7.42,-0.42,6.23
1489816872.6,-7.54,-0.42,6.39
1489816872.61,-8.13,-0.4,6.61
1489816872.63,-8.62,-0.39,7.49
1489816872.64,-8.89,-0.24,7.96
1489816872.66,-8.51,0.38,7.9
1489816872.67,-7.7,0.74,7.61
1489816872.68,-6.74,0.9,6.94
1489816872.7,-6.15,0.68,6.21
1489816872.71,-6.29,-0.49,5.14
1489816872.73,-6.89,-1.58,4.52
1489816872.74,-7.07,-1.82,4.54
1489816872.76,-6.73,-1.19,5.39
1489816872.77,-6.32,-0.38,6.38
1489816872.79,-6.15,0.29,7.08
1489816872.8,-6.36,0.35,7.4
1489816872.82,-6.88,-0.16,6.98
1489816872.83,-7.16,-0.35,6.6
1489816872.84,-7.36,-0.3,6.44
1489816872.86,-7.43,-0.31,6.4
1489816872.87,-7.3,-0.35,6.37
1489816872.89,-6.99,-0.37,6.17
1489816872.9,-6.59,-0.45,6.02
1489816872.92,-6.3,-0.59,5.97
1489816872.93,-6.23,-0.63,5.77
1489816872.95,-6.48,-0.65,5.61
1489816872.96,-6.91,-0.4,5.86
1489816872.97,-7.3,-0.2,6.31
1489816872.99,-7.72,-0.25,6.98
1489816873.0,-8.06,-0.26,7.44
1489816873.02,-8.11,0.11,7.4
1489816873.03,-8.01,0.23,7.61
1489816873.05,-7.74,0.21,7.36
1489816873.06,-7.44,0.08,6.83
1489816873.08,-7.28,-0.11,6.49
1489816873.09,-7.16,-0.34,6.17
1489816873.11,-7.05,-0.35,5.83
1489816873.12,-7.09,-0.46,5.72
1489816873.14,-7.1,-0.47,5.88
1489816873.15,-7.22,-0.37,6.15
1489816873.16,-7.2,-0.44,6.41
1489816873.18,-7.47,-0.38,6.61
1489816873.19,-7.56,-0.41,6.73
1489816873.21,-7.66,-0.34,6.63
1489816873.22,-7.6,-0.32,6.61
1489816873.24,-7.47,-0.34,6.43
1489816873.25,-7.28,-0.41,6.26
1489816873.27,-7.29,-0.55,6.1
1489816873.28,-7.33,-0.69,6.02
1489816873.29,-7.39,-0.59,6.02
1489816873.31,-7.34,-0.49,6.22
1489816873.32,-7.29,-0.5,6.42
1489816873.34,-7.4,-0.39,6.51
1489816873.35,-7.46,-0.37,6.53
1489816873.37,-7.31,-0.33,6.57
1489816873.38,-7.25,-0.41,6.42
1489816873.4,-7.22,-0.44,6.21
1489816873.41,-7.26,-0.47,6.26
1489816873.43,-7.42,-0.41,6.29
1489816873.44,-7.32,-0.26,6.36
1489816873.45,-7.21,-0.25,6.54
1489816873.47,-7.31,-0.28,6.42
1489816873.48,-7.31,-0.3,6.31
1489816873.5,-7.33,-0.37,6.32
1489816873.52,-7.39,-0.4,6.32
1489816873.53,-7.39,-0.38,6.34
1489816873.54,-7.43,-0.34,6.29
1489816873.56,-7.55,-0.37,6.33
1489816873.57,-7.56,-0.38,6.34
